study,tissue,gene_id,gene_symbol,variant_id,dbSNP_RS,vaf,tss_distance,pval_g,b_g,b_g_se,pval_i,b_i,b_i_se,pval_gi,b_gi,b_gi_se,mlogp,PIP,credible_set
fetus.epi.ieQTL,placenta,ENSG00000143772.9,ITPKB,chr1_225855773_A_G,rs3738051,0.122549,-883550,3.77E-06,-2.3741732,0.4779415,0.71441294,0.003782085,0.010298796,3.28E-06,0.0289394,0.005784039,5.484581838,0.0138566,2
fetus.epi.ieQTL,placenta,ENSG00000143772.9,ITPKB,chr1_227541713_C_A,rs12023298,0.5,802390,0.000107717,-1.30055,0.31915227,0.643191873,0.00506015,0.01088195,0.000114026,0.015917046,0.003921435,3.942996844,0.0292853,1
fetus.epi.ieQTL,placenta,ENSG00000143772.9,ITPKB,chr1_227538346_T_C,rs1495845,0.5,799023,0.000107717,-1.30055,0.31915227,0.643191873,0.00506015,0.01088195,0.000114026,0.015917046,0.003921435,3.942996844,0.0292853,1
fetus.epi.ieQTL,placenta,ENSG00000143772.9,ITPKB,chr1_227514730_TA_T,rs35543592,0.446078,775407,0.00090792,1.1584963,0.3361434,0.002490627,0.033519346,0.010732221,0.000854462,-0.014159466,0.004086121,3.068307434,0.00210373,1
fetus.epi.ieQTL,placenta,ENSG00000143772.9,ITPKB,chr1_225870444_GC_G,rs3841810,0.872549,-868879,4.53E-06,2.3693328,0.48145986,0.68214269,-0.004242734,0.010321965,5.00E-06,-0.02862206,0.005846323,5.300953619,0.0201111,2
fetus.epi.ieQTL,placenta,ENSG00000143772.9,ITPKB,chr1_225881769_C_A,rs3766939,0.147059,-857554,1.19E-05,-2.2457793,0.48075566,0.570642031,0.005905235,0.010369952,1.22E-05,0.02731961,0.005856996,4.912653084,0.0309508,2
fetus.epi.ieQTL,placenta,ENSG00000143772.9,ITPKB,chr1_227546201_G_A,rs2819496,0.460784,806878,0.002239455,0.9766741,0.30924347,0.002942304,0.03350014,0.010919855,0.002046822,-0.012281882,0.003852885,2.688919823,0.00190691,1
fetus.epi.ieQTL,placenta,ENSG00000143772.9,ITPKB,chr1_227525576_T_C,rs10916156,0.509804,786253,0.000171514,-1.2760018,0.32361656,0.001060729,-0.036366094,0.010702561,0.00022174,0.015436009,0.003989745,3.654156093,0.0132559,1
fetus.epi.ieQTL,placenta,ENSG00000143772.9,ITPKB,chr1_227587125_A_G,rs3010186,0.470588,847802,0.000982493,1.097348,0.32068828,0.002135807,0.03451819,0.010875973,0.001054874,-0.013339217,0.003923735,2.976799466,0.00315719,1
fetus.epi.ieQTL,placenta,ENSG00000143772.9,ITPKB,chr1_225864448_A_G,rs61295362,0.122549,-874875,3.77E-06,-2.3741732,0.4779415,0.71441294,0.003782085,0.010298796,3.28E-06,0.0289394,0.005784039,5.484581838,0.0138566,2
fetus.epi.ieQTL,placenta,ENSG00000143772.9,ITPKB,chr1_225897067_T_C,rs56231004,0.132353,-842256,4.81E-06,-2.360029,0.48108786,0.660532529,0.00454451,0.010309228,5.21E-06,0.028572451,0.005848492,5.283474674,0.0134535,2
fetus.epi.ieQTL,placenta,ENSG00000143772.9,ITPKB,chr1_225860504_T_TTGAC,rs144799603,0.122549,-878819,3.77E-06,-2.3741732,0.4779415,0.71441294,0.003782085,0.010298796,3.28E-06,0.0289394,0.005784039,5.484581838,0.0138566,2
fetus.epi.ieQTL,placenta,ENSG00000143772.9,ITPKB,chr1_227558762_GA_G,rs34871837,0.495098,819439,4.23E-05,-1.3672402,0.31552887,0.691366117,0.004286896,0.010759158,4.85E-05,0.016660009,0.003878004,4.314028192,0.0255997,1
fetus.epi.ieQTL,placenta,ENSG00000143772.9,ITPKB,chr1_225852418_G_A,rs3766935,0.122549,-886905,3.77E-06,-2.3741732,0.4779415,0.71441294,0.003782085,0.010298796,3.28E-06,0.0289394,0.005784039,5.484581838,0.0138566,2
fetus.epi.ieQTL,placenta,ENSG00000143772.9,ITPKB,chr1_225895994_T_TA,rs76077907,0.132353,-843329,4.81E-06,-2.360029,0.48108786,0.660532529,0.00454451,0.010309228,5.21E-06,0.028572451,0.005848492,5.283474674,0.0134535,2
fetus.epi.ieQTL,placenta,ENSG00000143772.9,ITPKB,chr1_227545304_C_G,rs903694,0.460784,805981,0.002239455,0.9766741,0.30924347,0.002942304,0.03350014,0.010919855,0.002046822,-0.012281882,0.003852885,2.688919823,0.00190691,1
fetus.epi.ieQTL,placenta,ENSG00000143772.9,ITPKB,chr1_225955099_T_C,rs117998561,0.0784314,-784224,3.25E-12,-3.4166017,0.41656506,0.432560134,0.006521275,0.008267333,6.17E-11,0.039039414,0.005172051,10.20963063,0.0361782,3
fetus.epi.ieQTL,placenta,ENSG00000143772.9,ITPKB,chr1_227512071_T_C,rs2819510,0.485294,772748,7.91E-05,1.3223611,0.31776774,0.000898912,0.03629844,0.010522715,9.19E-05,-0.0160767,0.003902439,4.036847181,0.00922889,1
fetus.epi.ieQTL,placenta,ENSG00000143772.9,ITPKB,chr1_227579144_A_G,rs903697,0.519608,839821,0.00022987,-1.2361465,0.3203715,0.001149443,-0.03614096,0.010715894,0.000248151,0.014989783,0.003907427,3.605283994,0.00816193,1
fetus.epi.ieQTL,placenta,ENSG00000143772.9,ITPKB,chr1_227524770_C_A,rs4653846,0.509804,785447,0.000171514,-1.2760018,0.32361656,0.001060729,-0.036366094,0.010702561,0.00022174,0.015436009,0.003989745,3.654156093,0.0132559,1
fetus.epi.ieQTL,placenta,ENSG00000143772.9,ITPKB,chr1_225859274_T_C,rs2292561,0.122549,-880049,3.77E-06,-2.3741732,0.4779415,0.71441294,0.003782085,0.010298796,3.28E-06,0.0289394,0.005784039,5.484581838,0.0138566,2
fetus.epi.ieQTL,placenta,ENSG00000143772.9,ITPKB,chr1_227598332_G_A,rs2935146,0.470588,859009,0.000982493,1.097348,0.32068828,0.002135807,0.03451819,0.010875973,0.001054874,-0.013339217,0.003923735,2.976799466,0.00315719,1
fetus.epi.ieQTL,placenta,ENSG00000143772.9,ITPKB,chr1_227514712_A_AAAC,rs57906299,0.446078,775389,0.00090792,1.1584963,0.3361434,0.002490627,0.033519346,0.010732221,0.000854462,-0.014159466,0.004086121,3.068307434,0.00210373,1
fetus.epi.ieQTL,placenta,ENSG00000143772.9,ITPKB,chr1_227516533_A_AACCTAGGTGGTATAGCTAT,rs531802609,0.514706,777210,7.91E-05,-1.3223611,0.31776774,0.000898912,-0.03629844,0.010522715,9.19E-05,0.0160767,0.003902439,4.036847181,0.00922889,1
fetus.epi.ieQTL,placenta,ENSG00000143772.9,ITPKB,chr1_227546608_G_A,rs1495847,0.5,807285,0.000107717,-1.30055,0.31915227,0.643191873,0.00506015,0.01088195,0.000114026,0.015917046,0.003921435,3.942996844,0.0292853,1
fetus.epi.ieQTL,placenta,ENSG00000143772.9,ITPKB,chr1_225861374_T_G,rs59728172,0.122549,-877949,3.77E-06,-2.3741732,0.4779415,0.71441294,0.003782085,0.010298796,3.28E-06,0.0289394,0.005784039,5.484581838,0.0138566,2
fetus.epi.ieQTL,placenta,ENSG00000143772.9,ITPKB,chr1_225853737_C_T,rs2292556,0.122549,-885586,3.77E-06,-2.3741732,0.4779415,0.71441294,0.003782085,0.010298796,3.28E-06,0.0289394,0.005784039,5.484581838,0.0138566,2
fetus.epi.ieQTL,placenta,ENSG00000143772.9,ITPKB,chr1_227549683_C_G,rs10799423,0.5,810360,0.000107717,-1.30055,0.31915227,0.643191873,0.00506015,0.01088195,0.000114026,0.015917046,0.003921435,3.942996844,0.0292853,1
fetus.epi.ieQTL,placenta,ENSG00000143772.9,ITPKB,chr1_225870631_T_G,rs360089,0.872549,-868692,4.53E-06,2.3693328,0.48145986,0.68214269,-0.004242734,0.010321965,5.00E-06,-0.02862206,0.005846323,5.300953619,0.0201111,2
fetus.epi.ieQTL,placenta,ENSG00000143772.9,ITPKB,chr1_227513749_TG_T,rs57421340,0.446078,774426,0.00090792,1.1584963,0.3361434,0.002490627,0.033519346,0.010732221,0.000854462,-0.014159466,0.004086121,3.068307434,0.00210373,1
fetus.epi.ieQTL,placenta,ENSG00000143772.9,ITPKB,chr1_227548538_A_G,rs7528094,0.5,809215,0.000107717,-1.30055,0.31915227,0.643191873,0.00506015,0.01088195,0.000114026,0.015917046,0.003921435,3.942996844,0.0292853,1
fetus.epi.ieQTL,placenta,ENSG00000143772.9,ITPKB,chr1_227509952_C_G,rs2018401,0.446078,770629,0.00090792,1.1584963,0.3361434,0.002490627,0.033519346,0.010732221,0.000854462,-0.014159466,0.004086121,3.068307434,0.00210373,1
fetus.epi.ieQTL,placenta,ENSG00000143772.9,ITPKB,chr1_225955322_C_A,rs149058880,0.0784314,-784001,3.25E-12,-3.4166017,0.41656506,0.432560134,0.006521275,0.008267333,6.17E-11,0.039039414,0.005172051,10.20963063,0.0361782,3
fetus.epi.ieQTL,placenta,ENSG00000143772.9,ITPKB,chr1_227529028_T_C,rs4653512,0.509804,789705,0.000171514,-1.2760018,0.32361656,0.001060729,-0.036366094,0.010702561,0.00022174,0.015436009,0.003989745,3.654156093,0.0132559,1
fetus.epi.ieQTL,placenta,ENSG00000143772.9,ITPKB,chr1_225850532_G_C,rs57932384,0.122549,-888791,3.77E-06,-2.3741732,0.4779415,0.71441294,0.003782085,0.010298796,3.28E-06,0.0289394,0.005784039,5.484581838,0.0138566,2
fetus.epi.ieQTL,placenta,ENSG00000143772.9,ITPKB,chr1_225882242_G_GCGCACCCCGACGTGGACCCGGCCC,rs3215222,0.132353,-857081,4.81E-06,-2.360029,0.48108786,0.660532529,0.00454451,0.010309228,5.21E-06,0.028572451,0.005848492,5.283474674,0.0134535,2
fetus.epi.ieQTL,placenta,ENSG00000143772.9,ITPKB,chr1_225863117_A_G,rs144436934,0.122549,-876206,3.77E-06,-2.3741732,0.4779415,0.71441294,0.003782085,0.010298796,3.28E-06,0.0289394,0.005784039,5.484581838,0.0138566,2
fetus.epi.ieQTL,placenta,ENSG00000143772.9,ITPKB,chr1_227632059_C_T,rs10799432,0.480392,892736,0.000897194,1.1174855,0.32389703,0.002110851,0.034489963,0.010853929,0.000990671,-0.013590453,0.003974671,3.004070719,0.00226646,1
fetus.epi.ieQTL,placenta,ENSG00000143772.9,ITPKB,chr1_227610621_T_C,rs3010193,0.47549,871298,0.001098983,1.0863534,0.32076386,0.002263777,0.034375977,0.010896676,0.001222734,-0.013166725,0.003926676,2.91266809,0.00220044,1
fetus.epi.ieQTL,placenta,ENSG00000143772.9,ITPKB,chr1_225948752_C_T,rs116868167,0.0931373,-790571,3.87E-12,-3.4071252,0.41736978,0.461927812,0.006188236,0.008371133,5.85E-11,0.03889145,0.005144231,10.23309925,0.0308724,3
fetus.epi.ieQTL,placenta,ENSG00000143772.9,ITPKB,chr1_225896378_C_A,rs12071072,0.132353,-842945,4.81E-06,-2.360029,0.48108786,0.660532529,0.00454451,0.010309228,5.21E-06,0.028572451,0.005848492,5.283474674,0.0134535,2
fetus.epi.ieQTL,placenta,ENSG00000143772.9,ITPKB,chr1_225847588_T_A,rs3753663,0.122549,-891735,9.06E-07,-2.542043,0.47745353,0.806982933,0.002484981,0.010137369,7.60E-07,0.03148523,0.005865807,6.119370624,0.0362608,2
fetus.epi.ieQTL,placenta,ENSG00000143772.9,ITPKB,chr1_227545368_T_C,rs903695,0.460784,806045,0.002239455,0.9766741,0.30924347,0.002942304,0.03350014,0.010919855,0.002046822,-0.012281882,0.003852885,2.688919823,0.00190691,1
fetus.epi.ieQTL,placenta,ENSG00000143772.9,ITPKB,chr1_225899103_C_G,rs12074247,0.132353,-840220,4.81E-06,-2.360029,0.48108786,0.660532529,0.00454451,0.010309228,5.21E-06,0.028572451,0.005848492,5.283474674,0.0134535,2
fetus.epi.ieQTL,placenta,ENSG00000143772.9,ITPKB,chr1_227567234_C_T,rs10916165,0.509804,827911,0.000511592,-1.1804836,0.32592577,0.001469476,-0.03596473,0.010915849,0.000638716,0.014201583,0.003995192,3.19469201,0.00762509,1
fetus.epi.ieQTL,placenta,ENSG00000143772.9,ITPKB,chr1_225869764_G_A,rs61227102,0.127451,-869559,4.53E-06,-2.3693328,0.48145986,0.68214269,0.004242734,0.010321965,5.00E-06,0.02862206,0.005846323,5.300953619,0.0201111,2
fetus.epi.ieQTL,placenta,ENSG00000143772.9,ITPKB,chr1_227518601_G_A,rs976959,0.514706,779278,7.91E-05,-1.3223611,0.31776774,0.000898912,-0.03629844,0.010522715,9.19E-05,0.0160767,0.003902439,4.036847181,0.00922889,1
fetus.epi.ieQTL,placenta,ENSG00000143772.9,ITPKB,chr1_225847073_C_T,rs2292559,0.117647,-892250,9.27E-07,-2.5319664,0.4760584,0.776883734,0.002872468,0.010102195,6.89E-07,0.031442296,0.005831883,6.161610118,0.0253495,2
fetus.epi.ieQTL,placenta,ENSG00000143772.9,ITPKB,chr1_227594731_T_C,rs2935145,0.470588,855408,0.000982493,1.097348,0.32068828,0.002135807,0.03451819,0.010875973,0.001054874,-0.013339217,0.003923735,2.976799466,0.00315719,1
fetus.epi.ieQTL,placenta,ENSG00000143772.9,ITPKB,chr1_227605784_C_T,rs2999746,0.47549,866461,0.001098983,1.0863534,0.32076386,0.002263777,0.034375977,0.010896676,0.001222734,-0.013166725,0.003926676,2.91266809,0.00220044,1
fetus.epi.ieQTL,placenta,ENSG00000143772.9,ITPKB,chr1_227541210_C_T,rs4653848,0.5,801887,0.000107717,-1.30055,0.31915227,0.643191873,0.00506015,0.01088195,0.000114026,0.015917046,0.003921435,3.942996844,0.0292853,1
fetus.epi.ieQTL,placenta,ENSG00000143772.9,ITPKB,chr1_227599667_C_T,rs2999744,0.470588,860344,0.000982493,1.097348,0.32068828,0.002135807,0.03451819,0.010875973,0.001054874,-0.013339217,0.003923735,2.976799466,0.00315719,1
fetus.epi.ieQTL,placenta,ENSG00000143772.9,ITPKB,chr1_225856891_C_T,rs2292560,0.122549,-882432,3.77E-06,-2.3741732,0.4779415,0.71441294,0.003782085,0.010298796,3.28E-06,0.0289394,0.005784039,5.484581838,0.0138566,2
fetus.epi.ieQTL,placenta,ENSG00000143772.9,ITPKB,chr1_227547413_C_T,rs2814061,0.460784,808090,0.002239455,0.9766741,0.30924347,0.002942304,0.03350014,0.010919855,0.002046822,-0.012281882,0.003852885,2.688919823,0.00190691,1
fetus.epi.ieQTL,placenta,ENSG00000143772.9,ITPKB,chr1_225892116_CTTAT_C,rs149477493,0.132353,-847207,4.81E-06,-2.360029,0.48108786,0.660532529,0.00454451,0.010309228,5.21E-06,0.028572451,0.005848492,5.283474674,0.0134535,2
fetus.epi.ieQTL,placenta,ENSG00000143772.9,ITPKB,chr1_227534009_G_A,rs903690,0.5,794686,0.000107717,-1.30055,0.31915227,0.643191873,0.00506015,0.01088195,0.000114026,0.015917046,0.003921435,3.942996844,0.0292853,1
fetus.epi.ieQTL,placenta,ENSG00000143772.9,ITPKB,chr1_227544061_TCCC_T,rs57247509,0.460784,804738,0.002239455,0.9766741,0.30924347,0.002942304,0.03350014,0.010919855,0.002046822,-0.012281882,0.003852885,2.688919823,0.00190691,1
fetus.epi.ieQTL,placenta,ENSG00000143772.9,ITPKB,chr1_227565537_A_T,rs2029835,0.446078,826214,0.002435982,1.0906113,0.3483742,0.002739549,0.033975605,0.010989499,0.002258827,-0.01339973,0.004246548,2.646117027,0.00351577,1
fetus.epi.ieQTL,placenta,ENSG00000143772.9,ITPKB,chr1_227553145_G_A,rs6683428,0.460784,813822,0.002239455,0.9766741,0.30924347,0.002942304,0.03350014,0.010919855,0.002046822,-0.012281882,0.003852885,2.688919823,0.00190691,1
fetus.epi.ieQTL,placenta,ENSG00000143772.9,ITPKB,chr1_225962851_TA_T,rs147947813,0.0833333,-776472,2.12E-12,-3.4627097,0.41738445,0.49091102,0.005700111,0.008236585,2.32E-11,0.040012453,0.005152499,10.63371866,0.177747,3
fetus.epi.ieQTL,placenta,ENSG00000143772.9,ITPKB,chr1_225861730_A_AG,rs3835534,0.122549,-877593,3.77E-06,-2.3741732,0.4779415,0.71441294,0.003782085,0.010298796,3.28E-06,0.0289394,0.005784039,5.484581838,0.0138566,2
fetus.epi.ieQTL,placenta,ENSG00000143772.9,ITPKB,chr1_225845329_G_C,rs4149230,0.117647,-893994,9.27E-07,-2.5319664,0.4760584,0.776883734,0.002872468,0.010102195,6.89E-07,0.031442296,0.005831883,6.161610118,0.0253495,2
fetus.epi.ieQTL,placenta,ENSG00000143772.9,ITPKB,chr1_227576139_A_G,rs2088210,0.514706,836816,0.00025685,-1.2270632,0.3207014,0.001214306,-0.036029123,0.010737865,0.000288729,0.014843854,0.00391455,3.539510342,0.00545805,1
fetus.epi.ieQTL,placenta,ENSG00000143772.9,ITPKB,chr1_225854449_T_TAG,rs140862449,0.122549,-884874,3.77E-06,-2.3741732,0.4779415,0.71441294,0.003782085,0.010298796,3.28E-06,0.0289394,0.005784039,5.484581838,0.0138566,2
fetus.epi.ieQTL,placenta,ENSG00000143772.9,ITPKB,chr1_227552571_C_T,rs7512348,0.5,813248,0.000107717,-1.30055,0.31915227,0.643191873,0.00506015,0.01088195,0.000114026,0.015917046,0.003921435,3.942996844,0.0292853,1
fetus.epi.ieQTL,placenta,ENSG00000143772.9,ITPKB,chr1_227552450_A_G,rs7523915,0.5,813127,0.000107717,-1.30055,0.31915227,0.643191873,0.00506015,0.01088195,0.000114026,0.015917046,0.003921435,3.942996844,0.0292853,1
fetus.epi.ieQTL,placenta,ENSG00000143772.9,ITPKB,chr1_227557973_G_C,rs6697867,0.5,818650,0.000107717,-1.30055,0.31915227,0.643191873,0.00506015,0.01088195,0.000114026,0.015917046,0.003921435,3.942996844,0.0292853,1
fetus.epi.ieQTL,placenta,ENSG00000143772.9,ITPKB,chr1_225874256_G_A,rs2271544,0.132353,-865067,4.81E-06,-2.360029,0.48108786,0.660532529,0.00454451,0.010309228,5.21E-06,0.028572451,0.005848492,5.283474674,0.0134535,2
fetus.epi.ieQTL,placenta,ENSG00000143772.9,ITPKB,chr1_225888969_C_T,rs41310561,0.132353,-850354,4.81E-06,-2.360029,0.48108786,0.660532529,0.00454451,0.010309228,5.21E-06,0.028572451,0.005848492,5.283474674,0.0134535,2
fetus.epi.ieQTL,placenta,ENSG00000143772.9,ITPKB,chr1_227606207_C_T,rs3010196,0.47549,866884,0.001098983,1.0863534,0.32076386,0.002263777,0.034375977,0.010896676,0.001222734,-0.013166725,0.003926676,2.91266809,0.00220044,1
fetus.epi.ieQTL,placenta,ENSG00000143772.9,ITPKB,chr1_225869213_A_G,rs360087,0.872549,-870110,4.53E-06,2.3693328,0.48145986,0.68214269,-0.004242734,0.010321965,5.00E-06,-0.02862206,0.005846323,5.300953619,0.0201111,2
fetus.epi.ieQTL,placenta,ENSG00000143772.9,ITPKB,chr1_225961852_T_TCCTC,rs201261587,0.0833333,-777471,2.05E-12,-3.456283,0.41623607,0.470012915,0.005984571,0.008244243,2.36E-11,0.039836936,0.005132388,10.62635833,0.398208,3
fetus.epi.ieQTL,placenta,ENSG00000143772.9,ITPKB,chr1_225898994_C_T,rs12074209,0.132353,-840329,4.81E-06,-2.360029,0.48108786,0.660532529,0.00454451,0.010309228,5.21E-06,0.028572451,0.005848492,5.283474674,0.0134535,2
fetus.epi.ieQTL,placenta,ENSG00000143772.9,ITPKB,chr1_225870155_G_A,rs805179,0.872549,-869168,4.53E-06,2.3693328,0.48145986,0.68214269,-0.004242734,0.010321965,5.00E-06,-0.02862206,0.005846323,5.300953619,0.0201111,2
fetus.epi.ieQTL,placenta,ENSG00000143772.9,ITPKB,chr1_227517134_C_T,rs2492635,0.485294,777811,7.91E-05,1.3223611,0.31776774,0.000898912,0.03629844,0.010522715,9.19E-05,-0.0160767,0.003902439,4.036847181,0.00922889,1
fetus.epi.ieQTL,placenta,ENSG00000143772.9,ITPKB,chr1_227521845_A_G,rs12132444,0.519608,782522,0.000115865,-1.2877876,0.3176215,0.001135021,-0.035573293,0.010535162,0.000143123,0.015561364,0.003895582,3.8442903,0.00433675,1
fetus.epi.ieQTL,placenta,ENSG00000143772.9,ITPKB,chr1_227541299_A_G,rs4653849,0.5,801976,0.000107717,-1.30055,0.31915227,0.643191873,0.00506015,0.01088195,0.000114026,0.015917046,0.003921435,3.942996844,0.0292853,1
fetus.epi.ieQTL,placenta,ENSG00000143772.9,ITPKB,chr1_227508409_G_A,rs2018651,0.514706,769086,7.91E-05,-1.3223611,0.31776774,0.000898912,-0.03629844,0.010522715,9.19E-05,0.0160767,0.003902439,4.036847181,0.00922889,1
fetus.epi.ieQTL,placenta,ENSG00000143772.9,ITPKB,chr1_227514120_A_G,rs2644150,0.446078,774797,0.00090792,1.1584963,0.3361434,0.002490627,0.033519346,0.010732221,0.000854462,-0.014159466,0.004086121,3.068307434,0.00210373,1
fetus.epi.ieQTL,placenta,ENSG00000143772.9,ITPKB,chr1_227556250_C_T,rs1021554,0.5,816927,0.000107717,-1.30055,0.31915227,0.643191873,0.00506015,0.01088195,0.000114026,0.015917046,0.003921435,3.942996844,0.0292853,1
fetus.epi.ieQTL,placenta,ENSG00000143772.9,ITPKB,chr1_227532250_T_G,rs2201571,0.509804,792927,0.000171514,-1.2760018,0.32361656,0.001060729,-0.036366094,0.010702561,0.00022174,0.015436009,0.003989745,3.654156093,0.0132559,1
fetus.epi.ieQTL,placenta,ENSG00000143772.9,ITPKB,chr1_227533085_G_A,rs4359006,0.509804,793762,0.000171514,-1.2760018,0.32361656,0.001060729,-0.036366094,0.010702561,0.00022174,0.015436009,0.003989745,3.654156093,0.0132559,1
fetus.epi.ieQTL,placenta,ENSG00000143772.9,ITPKB,chr1_227509139_A_C,rs11580570,0.514706,769816,7.91E-05,-1.3223611,0.31776774,0.000898912,-0.03629844,0.010522715,9.19E-05,0.0160767,0.003902439,4.036847181,0.00922889,1
fetus.epi.ieQTL,placenta,ENSG00000143772.9,ITPKB,chr1_225844317_G_A,rs56301120,0.117647,-895006,9.27E-07,-2.5319664,0.4760584,0.776883734,0.002872468,0.010102195,6.89E-07,0.031442296,0.005831883,6.161610118,0.0253495,2
fetus.epi.ieQTL,placenta,ENSG00000143772.9,ITPKB,chr1_225854609_T_C,rs75877960,0.122549,-884714,3.77E-06,-2.3741732,0.4779415,0.71441294,0.003782085,0.010298796,3.28E-06,0.0289394,0.005784039,5.484581838,0.0138566,2
fetus.epi.ieQTL,placenta,ENSG00000143772.9,ITPKB,chr1_227549245_C_T,rs10495276,0.5,809922,0.000107717,-1.30055,0.31915227,0.643191873,0.00506015,0.01088195,0.000114026,0.015917046,0.003921435,3.942996844,0.0292853,1
fetus.epi.ieQTL,placenta,ENSG00000143772.9,ITPKB,chr1_227509464_C_T,rs12040302,0.514706,770141,7.91E-05,-1.3223611,0.31776774,0.000898912,-0.03629844,0.010522715,9.19E-05,0.0160767,0.003902439,4.036847181,0.00922889,1
fetus.epi.ieQTL,placenta,ENSG00000143772.9,ITPKB,chr1_227585305_C_A,rs2935155,0.52451,845982,0.000277056,-1.225851,0.32224813,0.00126536,-0.035918456,0.01074661,0.00032169,0.014778093,0.003930144,3.49256254,0.00710069,1
fetus.epi.ieQTL,placenta,ENSG00000143772.9,ITPKB,chr1_227550187_C_T,rs4653850,0.5,810864,0.000107717,-1.30055,0.31915227,0.643191873,0.00506015,0.01088195,0.000114026,0.015917046,0.003921435,3.942996844,0.0292853,1
fetus.epi.ieQTL,placenta,ENSG00000143772.9,ITPKB,chr1_225858793_G_GC,rs78552750,0.122549,-880530,3.77E-06,-2.3741732,0.4779415,0.71441294,0.003782085,0.010298796,3.28E-06,0.0289394,0.005784039,5.484581838,0.0138566,2
fetus.epi.ieQTL,placenta,ENSG00000143772.9,ITPKB,chr1_227536210_C_T,rs7539914,0.5,796887,0.000107717,-1.30055,0.31915227,0.643191873,0.00506015,0.01088195,0.000114026,0.015917046,0.003921435,3.942996844,0.0292853,1
fetus.epi.ieQTL,placenta,ENSG00000143772.9,ITPKB,chr1_227548662_G_A,rs1495849,0.460784,809339,0.002239455,0.9766741,0.30924347,0.002942304,0.03350014,0.010919855,0.002046822,-0.012281882,0.003852885,2.688919823,0.00190691,1
fetus.epi.ieQTL,placenta,ENSG00000143772.9,ITPKB,chr1_227545086_A_G,rs903693,0.460784,805763,0.002239455,0.9766741,0.30924347,0.002942304,0.03350014,0.010919855,0.002046822,-0.012281882,0.003852885,2.688919823,0.00190691,1
fetus.epi.ieQTL,placenta,ENSG00000143772.9,ITPKB,chr1_225851011_G_A,rs61033712,0.122549,-888312,3.77E-06,-2.3741732,0.4779415,0.71441294,0.003782085,0.010298796,3.28E-06,0.0289394,0.005784039,5.484581838,0.0138566,2
fetus.epi.ieQTL,placenta,ENSG00000143772.9,ITPKB,chr1_225862209_T_C,rs74150536,0.122549,-877114,3.77E-06,-2.3741732,0.4779415,0.71441294,0.003782085,0.010298796,3.28E-06,0.0289394,0.005784039,5.484581838,0.0138566,2
fetus.epi.ieQTL,placenta,ENSG00000143772.9,ITPKB,chr1_227508301_A_G,rs2018828,0.514706,768978,7.91E-05,-1.3223611,0.31776774,0.000898912,-0.03629844,0.010522715,9.19E-05,0.0160767,0.003902439,4.036847181,0.00922889,1
fetus.epi.ieQTL,placenta,ENSG00000143772.9,ITPKB,chr1_225862978_G_A,rs74229306,0.122549,-876345,3.77E-06,-2.3741732,0.4779415,0.71441294,0.003782085,0.010298796,3.28E-06,0.0289394,0.005784039,5.484581838,0.0138566,2
fetus.epi.ieQTL,placenta,ENSG00000143772.9,ITPKB,chr1_225855069_T_C,rs12075664,0.122549,-884254,3.77E-06,-2.3741732,0.4779415,0.71441294,0.003782085,0.010298796,3.28E-06,0.0289394,0.005784039,5.484581838,0.0138566,2
fetus.epi.ieQTL,placenta,ENSG00000143772.9,ITPKB,chr1_227556286_G_T,rs1021553,0.5,816963,0.000107717,-1.30055,0.31915227,0.643191873,0.00506015,0.01088195,0.000114026,0.015917046,0.003921435,3.942996844,0.0292853,1
fetus.epi.ieQTL,placenta,ENSG00000143772.9,ITPKB,chr1_227615350_G_A,rs3010192,0.480392,876027,0.000897194,1.1174855,0.32389703,0.002110851,0.034489963,0.010853929,0.000990671,-0.013590453,0.003974671,3.004070719,0.00226646,1
fetus.epi.ieQTL,placenta,ENSG00000143772.9,ITPKB,chr1_227549051_A_G,rs28407112,0.5,809728,0.000107717,-1.30055,0.31915227,0.643191873,0.00506015,0.01088195,0.000114026,0.015917046,0.003921435,3.942996844,0.0292853,1
fetus.epi.ieQTL,placenta,ENSG00000143772.9,ITPKB,chr1_227514993_A_G,rs2644151,0.446078,775670,0.00090792,1.1584963,0.3361434,0.002490627,0.033519346,0.010732221,0.000854462,-0.014159466,0.004086121,3.068307434,0.00210373,1
fetus.epi.ieQTL,placenta,ENSG00000143772.9,ITPKB,chr1_225845944_T_A,rs3738050,0.117647,-893379,9.27E-07,-2.5319664,0.4760584,0.776883734,0.002872468,0.010102195,6.89E-07,0.031442296,0.005831883,6.161610118,0.0253495,2
fetus.epi.ieQTL,placenta,ENSG00000143772.9,ITPKB,chr1_225850463_G_A,rs60943392,0.122549,-888860,3.77E-06,-2.3741732,0.4779415,0.71441294,0.003782085,0.010298796,3.28E-06,0.0289394,0.005784039,5.484581838,0.0138566,2
fetus.epi.ieQTL,placenta,ENSG00000143772.9,ITPKB,chr1_227563901_C_A,rs4653853,0.490196,824578,6.18E-05,-1.3441634,0.3177878,0.71789844,0.003934683,0.010852855,6.00E-05,0.016544668,0.003903947,4.222027707,0.0266828,1
fetus.epi.ieQTL,placenta,ENSG00000143772.9,ITPKB,chr1_225834172_C_T,rs140632395,0.107843,-905151,2.04E-08,-3.124288,0.5014874,0.458424619,0.006920076,0.009288065,1.21E-08,0.038565874,0.006072265,7.915948887,0.0235419,2
fetus.epi.ieQTL,placenta,ENSG00000143772.9,ITPKB,chr1_225896415_C_T,rs12071104,0.132353,-842908,4.81E-06,-2.360029,0.48108786,0.660532529,0.00454451,0.010309228,5.21E-06,0.028572451,0.005848492,5.283474674,0.0134535,2
fetus.epi.ieQTL,placenta,ENSG00000143772.9,ITPKB,chr1_225844829_C_A,rs4149227,0.117647,-894494,9.27E-07,-2.5319664,0.4760584,0.776883734,0.002872468,0.010102195,6.89E-07,0.031442296,0.005831883,6.161610118,0.0253495,2
fetus.epi.ieQTL,placenta,ENSG00000143772.9,ITPKB,chr1_225882846_G_A,rs28384447,0.132353,-856477,4.81E-06,-2.360029,0.48108786,0.660532529,0.00454451,0.010309228,5.21E-06,0.028572451,0.005848492,5.283474674,0.0134535,2
fetus.epi.ieQTL,placenta,ENSG00000143772.9,ITPKB,chr1_225839958_C_T,rs2292568,0.112745,-899365,5.29E-07,-2.5893884,0.47459656,0.714970895,0.003652918,0.009967448,4.26E-07,0.03200138,0.005809225,6.370303062,0.0120035,2
fetus.epi.ieQTL,placenta,ENSG00000143772.9,ITPKB,chr1_227508332_T_C,rs2018654,0.514706,769009,7.91E-05,-1.3223611,0.31776774,0.000898912,-0.03629844,0.010522715,9.19E-05,0.0160767,0.003902439,4.036847181,0.00922889,1
fetus.epi.ieQTL,placenta,ENSG00000143772.9,ITPKB,chr1_227508893_C_T,rs1495842,0.514706,769570,7.91E-05,-1.3223611,0.31776774,0.000898912,-0.03629844,0.010522715,9.19E-05,0.0160767,0.003902439,4.036847181,0.00922889,1
fetus.epi.ieQTL,placenta,ENSG00000143772.9,ITPKB,chr1_227525530_T_C,rs10916155,0.509804,786207,0.000171514,-1.2760018,0.32361656,0.001060729,-0.036366094,0.010702561,0.00022174,0.015436009,0.003989745,3.654156093,0.0132559,1
fetus.epi.ieQTL,placenta,ENSG00000143772.9,ITPKB,chr1_225966676_CAAT_C,rs138578428,0.0784314,-772647,6.48E-12,-3.3503551,0.4162336,0.394462873,0.007093397,0.008285067,8.86E-11,0.038290665,0.005127717,10.05255988,0.0607628,3
fetus.epi.ieQTL,placenta,ENSG00000143772.9,ITPKB,chr1_227529637_C_CTTG,rs56180802,0.54902,790314,0.001801245,-1.0975186,0.33986774,0.00293437,-0.033421118,0.010890891,0.001861922,0.01332579,0.004140352,2.730038556,0.00262038,1
fetus.epi.ieQTL,placenta,ENSG00000143772.9,ITPKB,chr1_225844828_G_T,rs45467394,0.117647,-894495,9.27E-07,-2.5319664,0.4760584,0.776883734,0.002872468,0.010102195,6.89E-07,0.031442296,0.005831883,6.161610118,0.0253495,2
fetus.epi.ieQTL,placenta,ENSG00000143772.9,ITPKB,chr1_225866956_G_A,rs360084,0.872549,-872367,4.53E-06,2.3693328,0.48145986,0.68214269,-0.004242734,0.010321965,5.00E-06,-0.02862206,0.005846323,5.300953619,0.0201111,2
fetus.epi.ieQTL,placenta,ENSG00000143772.9,ITPKB,chr1_227604838_C_T,rs2999745,0.47549,865515,0.001098983,1.0863534,0.32076386,0.002263777,0.034375977,0.010896676,0.001222734,-0.013166725,0.003926676,2.91266809,0.00220044,1
fetus.epi.ieQTL,placenta,ENSG00000143772.9,ITPKB,chr1_227542752_C_A,rs7542685,0.5,803429,0.000107717,-1.30055,0.31915227,0.643191873,0.00506015,0.01088195,0.000114026,0.015917046,0.003921435,3.942996844,0.0292853,1
fetus.epi.ieQTL,placenta,ENSG00000143772.9,ITPKB,chr1_225859556_A_G,rs56325807,0.122549,-879767,3.77E-06,-2.3741732,0.4779415,0.71441294,0.003782085,0.010298796,3.28E-06,0.0289394,0.005784039,5.484581838,0.0138566,2
fetus.epi.ieQTL,placenta,ENSG00000143772.9,ITPKB,chr1_225891007_C_T,rs3806258,0.132353,-848316,4.81E-06,-2.360029,0.48108786,0.660532529,0.00454451,0.010309228,5.21E-06,0.028572451,0.005848492,5.283474674,0.0134535,2
fetus.epi.ieQTL,placenta,ENSG00000143772.9,ITPKB,chr1_227524509_G_A,rs12042653,0.54902,785186,0.001801245,-1.0975186,0.33986774,0.00293437,-0.033421118,0.010890891,0.001861922,0.01332579,0.004140352,2.730038556,0.00262038,1
fetus.epi.ieQTL,placenta,ENSG00000143772.9,ITPKB,chr1_227508809_C_T,rs903683,0.514706,769486,7.91E-05,-1.3223611,0.31776774,0.000898912,-0.03629844,0.010522715,9.19E-05,0.0160767,0.003902439,4.036847181,0.00922889,1
fetus.epi.ieQTL,placenta,ENSG00000143772.9,ITPKB,chr1_225899118_T_C,rs12061043,0.132353,-840205,4.81E-06,-2.360029,0.48108786,0.660532529,0.00454451,0.010309228,5.21E-06,0.028572451,0.005848492,5.283474674,0.0134535,2
fetus.epi.ieQTL,placenta,ENSG00000143772.9,ITPKB,chr1_227509398_G_C,rs903684,0.446078,770075,0.00090792,1.1584963,0.3361434,0.002490627,0.033519346,0.010732221,0.000854462,-0.014159466,0.004086121,3.068307434,0.00210373,1
fetus.epi.ieQTL,placenta,ENSG00000143772.9,ITPKB,chr1_225856154_A_G,rs3766936,0.122549,-883169,3.77E-06,-2.3741732,0.4779415,0.71441294,0.003782085,0.010298796,3.28E-06,0.0289394,0.005784039,5.484581838,0.0138566,2
fetus.epi.ieQTL,placenta,ENSG00000143772.9,ITPKB,chr1_227530123_G_A,rs10916158,0.509804,790800,0.000171514,-1.2760018,0.32361656,0.001060729,-0.036366094,0.010702561,0.00022174,0.015436009,0.003989745,3.654156093,0.0132559,1
fetus.epi.ieQTL,placenta,ENSG00000143772.9,ITPKB,chr1_227565381_T_C,rs4653514,0.514706,826058,0.000311311,-1.2281866,0.32579198,0.001168498,-0.036418747,0.010814871,0.000352639,0.014927398,0.0039987,3.452670053,0.0120745,1
fetus.epi.ieQTL,placenta,ENSG00000143772.9,ITPKB,chr1_227552913_C_T,rs2644153,0.460784,813590,0.002239455,0.9766741,0.30924347,0.002942304,0.03350014,0.010919855,0.002046822,-0.012281882,0.003852885,2.688919823,0.00190691,1
fetus.epi.ieQTL,placenta,ENSG00000143772.9,ITPKB,chr1_227607008_T_C,rs3010195,0.47549,867685,0.001098983,1.0863534,0.32076386,0.002263777,0.034375977,0.010896676,0.001222734,-0.013166725,0.003926676,2.91266809,0.00220044,1
fetus.epi.ieQTL,placenta,ENSG00000143772.9,ITPKB,chr1_225877050_A_G,rs76975982,0.132353,-862273,4.81E-06,-2.360029,0.48108786,0.660532529,0.00454451,0.010309228,5.21E-06,0.028572451,0.005848492,5.283474674,0.0134535,2
fetus.epi.ieQTL,placenta,ENSG00000143772.9,ITPKB,chr1_225871810_G_A,rs57095220,0.127451,-867513,4.53E-06,-2.3693328,0.48145986,0.68214269,0.004242734,0.010321965,5.00E-06,0.02862206,0.005846323,5.300953619,0.0201111,2
fetus.epi.ieQTL,placenta,ENSG00000143772.9,ITPKB,chr1_225844976_A_G,rs4149228,0.117647,-894347,9.27E-07,-2.5319664,0.4760584,0.776883734,0.002872468,0.010102195,6.89E-07,0.031442296,0.005831883,6.161610118,0.0253495,2
fetus.epi.ieQTL,placenta,ENSG00000143772.9,ITPKB,chr1_225898318_C_T,rs75191347,0.132353,-841005,4.81E-06,-2.360029,0.48108786,0.660532529,0.00454451,0.010309228,5.21E-06,0.028572451,0.005848492,5.283474674,0.0134535,2
fetus.epi.ieQTL,placenta,ENSG00000143772.9,ITPKB,chr1_227577156_T_C,rs10916169,0.514706,837833,0.00025685,-1.2270632,0.3207014,0.001214306,-0.036029123,0.010737865,0.000288729,0.014843854,0.00391455,3.539510342,0.00545805,1
fetus.epi.ieQTL,placenta,ENSG00000143772.9,ITPKB,chr1_227545020_A_G,rs903692,0.460784,805697,0.002239455,0.9766741,0.30924347,0.002942304,0.03350014,0.010919855,0.002046822,-0.012281882,0.003852885,2.688919823,0.00190691,1
fetus.epi.ieQTL,placenta,ENSG00000143772.9,ITPKB,chr1_227512770_G_A,rs951083,0.485294,773447,7.91E-05,1.3223611,0.31776774,0.000898912,0.03629844,0.010522715,9.19E-05,-0.0160767,0.003902439,4.036847181,0.00922889,1
fetus.epi.ieQTL,placenta,ENSG00000143772.9,ITPKB,chr1_227575956_A_G,rs2088211,0.544118,836633,0.000360167,-1.1966425,0.32109052,0.001522884,-0.035244048,0.010734324,0.000382345,0.014559986,0.0039255,3.417544785,0.00420884,1
fetus.epi.ieQTL,placenta,ENSG00000143772.9,ITPKB,chr1_225861611_G_A,rs3766937,0.122549,-877712,3.77E-06,-2.3741732,0.4779415,0.71441294,0.003782085,0.010298796,3.28E-06,0.0289394,0.005784039,5.484581838,0.0138566,2
fetus.epi.ieQTL,placenta,ENSG00000143772.9,ITPKB,chr1_227551229_A_G,rs1845758,0.5,811906,0.000107717,-1.30055,0.31915227,0.643191873,0.00506015,0.01088195,0.000114026,0.015917046,0.003921435,3.942996844,0.0292853,1
fetus.epi.ieQTL,placenta,ENSG00000143772.9,ITPKB,chr1_225898129_G_A,rs80163165,0.132353,-841194,4.81E-06,-2.360029,0.48108786,0.660532529,0.00454451,0.010309228,5.21E-06,0.028572451,0.005848492,5.283474674,0.0134535,2
fetus.epi.ieQTL,placenta,ENSG00000143772.9,ITPKB,chr1_227555675_G_A,rs12740317,0.5,816352,0.000107717,-1.30055,0.31915227,0.643191873,0.00506015,0.01088195,0.000114026,0.015917046,0.003921435,3.942996844,0.0292853,1
fetus.epi.ieQTL,placenta,ENSG00000143772.9,ITPKB,chr1_227539884_A_T,rs10916159,0.539216,800561,0.001302546,-1.1216208,0.33650738,0.002437342,-0.033863816,0.010817762,0.001126028,0.013801442,0.004084321,2.94845075,0.00482599,1
fetus.epi.ieQTL,placenta,ENSG00000143772.9,ITPKB,chr1_227536317_A_G,rs7551459,0.539216,796994,0.001302546,-1.1216208,0.33650738,0.002437342,-0.033863816,0.010817762,0.001126028,0.013801442,0.004084321,2.94845075,0.00482599,1
fetus.epi.ieQTL,placenta,ENSG00000143772.9,ITPKB,chr1_225857685_T_C,rs77715761,0.122549,-881638,3.77E-06,-2.3741732,0.4779415,0.71441294,0.003782085,0.010298796,3.28E-06,0.0289394,0.005784039,5.484581838,0.0138566,2
fetus.epi.ieQTL,placenta,ENSG00000143772.9,ITPKB,chr1_227517157_G_C,rs2492634,0.446078,777834,0.00090792,1.1584963,0.3361434,0.002490627,0.033519346,0.010732221,0.000854462,-0.014159466,0.004086121,3.068307434,0.00210373,1
fetus.epi.ieQTL,placenta,ENSG00000143772.9,ITPKB,chr1_225896144_C_T,rs75201914,0.132353,-843179,4.81E-06,-2.360029,0.48108786,0.660532529,0.00454451,0.010309228,5.21E-06,0.028572451,0.005848492,5.283474674,0.0134535,2
fetus.epi.ieQTL,placenta,ENSG00000143772.9,ITPKB,chr1_225962520_G_GA,rs145349424,0.0882353,-776803,2.13E-12,-3.4520016,0.4161086,0.46862061,0.006011953,0.00825597,2.40E-11,0.039754495,0.005123743,10.62051077,0.223303,3
fetus.epi.ieQTL,placenta,ENSG00000143772.9,ITPKB,chr1_227509680_C_T,rs2644140,0.446078,770357,0.00090792,1.1584963,0.3361434,0.002490627,0.033519346,0.010732221,0.000854462,-0.014159466,0.004086121,3.068307434,0.00210373,1
fetus.epi.ieQTL,placenta,ENSG00000143772.9,ITPKB,chr1_227572805_A_T,rs4653515,0.514706,833482,0.00025685,-1.2270632,0.3207014,0.001214306,-0.036029123,0.010737865,0.000288729,0.014843854,0.00391455,3.539510342,0.00545805,1
fetus.epi.ieQTL,placenta,ENSG00000143772.9,ITPKB,chr1_225878223_AGGTTAAGGAGCT_A,rs58214808,0.132353,-861100,4.81E-06,-2.360029,0.48108786,0.660532529,0.00454451,0.010309228,5.21E-06,0.028572451,0.005848492,5.283474674,0.0134535,2
fetus.epi.ieQTL,placenta,ENSG00000148488.17,ST8SIA6,chr10_18126623_C_A,rs11012761,0.0980392,672293,7.19E-08,6.762882,1.1394424,0.000225986,0.07452543,0.019290004,6.61E-08,-0.084817655,0.014243246,7.179715506,0.0749377,1
fetus.epi.ieQTL,placenta,ENSG00000148488.17,ST8SIA6,chr10_18122847_C_T,rs77973393,0.0980392,668517,7.19E-08,6.762882,1.1394424,0.000225986,0.07452543,0.019290004,6.61E-08,-0.084817655,0.014243246,7.179715506,0.0749377,1
fetus.epi.ieQTL,placenta,ENSG00000148488.17,ST8SIA6,chr10_18128875_C_T,rs139981155,0.102941,674545,3.09E-08,6.8137355,1.110918,0.000375626,0.07034726,0.01893935,2.56E-08,-0.08510857,0.013776464,7.592065411,0.121066,1
fetus.epi.ieQTL,placenta,ENSG00000148488.17,ST8SIA6,chr10_18117464_T_C,rs12777104,0.0980392,663134,7.19E-08,6.762882,1.1394424,0.000225986,0.07452543,0.019290004,6.61E-08,-0.084817655,0.014243246,7.179715506,0.0749377,1
fetus.epi.ieQTL,placenta,ENSG00000148488.17,ST8SIA6,chr10_18126850_A_T,rs10828259,0.0980392,672520,7.19E-08,6.762882,1.1394424,0.000225986,0.07452543,0.019290004,6.61E-08,-0.084817655,0.014243246,7.179715506,0.0749377,1
fetus.epi.ieQTL,placenta,ENSG00000148488.17,ST8SIA6,chr10_18126912_C_A,rs10828260,0.0980392,672582,7.19E-08,6.762882,1.1394424,0.000225986,0.07452543,0.019290004,6.61E-08,-0.084817655,0.014243246,7.179715506,0.0749377,1
fetus.epi.ieQTL,placenta,ENSG00000148488.17,ST8SIA6,chr10_18127034_G_A,rs10764318,0.0980392,672704,7.19E-08,6.762882,1.1394424,0.000225986,0.07452543,0.019290004,6.61E-08,-0.084817655,0.014243246,7.179715506,0.0749377,1
fetus.epi.ieQTL,placenta,ENSG00000148488.17,ST8SIA6,chr10_18126360_C_G,rs11012760,0.102941,672030,1.86E-07,6.516909,1.1415071,0.000229718,0.07553186,0.01957459,1.81E-07,-0.08122909,0.014211463,6.742961824,0.0371748,1
fetus.epi.ieQTL,placenta,ENSG00000148488.17,ST8SIA6,chr10_18126830_C_G,rs11012762,0.0980392,672500,7.19E-08,6.762882,1.1394424,0.000225986,0.07452543,0.019290004,6.61E-08,-0.084817655,0.014243246,7.179715506,0.0749377,1
fetus.epi.ieQTL,placenta,ENSG00000148488.17,ST8SIA6,chr10_18112685_A_T,rs12571057,0.0980392,658355,7.19E-08,6.762882,1.1394424,0.000225986,0.07452543,0.019290004,6.61E-08,-0.084817655,0.014243246,7.179715506,0.0749377,1
fetus.epi.ieQTL,placenta,ENSG00000148488.17,ST8SIA6,chr10_18126973_A_G,rs11012763,0.0980392,672643,7.19E-08,6.762882,1.1394424,0.000225986,0.07452543,0.019290004,6.61E-08,-0.084817655,0.014243246,7.179715506,0.0749377,1
fetus.epi.ieQTL,placenta,ENSG00000148488.17,ST8SIA6,chr10_18111594_G_A,rs12761993,0.0931373,657264,1.31E-07,6.7835727,1.1712205,0.000203484,0.07632352,0.019601425,1.10E-07,-0.08514616,0.014593936,6.958743502,0.0533998,1
fetus.epi.ieQTL,placenta,ENSG00000148488.17,ST8SIA6,chr10_18125291_C_T,rs7897163,0.102941,670961,1.86E-07,6.516909,1.1415071,0.000229718,0.07553186,0.01957459,1.81E-07,-0.08122909,0.014211463,6.742961824,0.0371748,1
fetus.epi.ieQTL,placenta,ENSG00000148488.17,ST8SIA6,chr10_18117488_C_G,rs12761528,0.0980392,663158,7.19E-08,6.762882,1.1394424,0.000225986,0.07452543,0.019290004,6.61E-08,-0.084817655,0.014243246,7.179715506,0.0749377,1
fetus.epi.ieQTL,placenta,ENSG00000149823.9,VPS51,chr11_64822745_T_G,rs78837954,0.210784,-266631,3.62E-08,4.723358,0.77470917,0.668595624,0.006668958,0.015521357,5.45E-08,-0.05709012,0.009514002,7.263866285,0.991258,1
fetus.epi.ieQTL,placenta,ENSG00000108557.19,RAI1,chr17_17625799_A_G,rs7218582,0.401961,-55674,9.39E-08,-1.704001,0.29019585,0.097301524,-0.013262583,0.007905046,5.67E-08,0.020915655,0.003491128,7.246258433,0.0270823,1
fetus.epi.ieQTL,placenta,ENSG00000108557.19,RAI1,chr17_17625728_T_C,rs7219757,0.401961,-55745,9.39E-08,-1.704001,0.29019585,0.097301524,-0.013262583,0.007905046,5.67E-08,0.020915655,0.003491128,7.246258433,0.0270823,1
fetus.epi.ieQTL,placenta,ENSG00000108557.19,RAI1,chr17_17603994_T_C,rs7215833,0.416667,-77479,1.13E-07,-1.708261,0.2930672,0.087260385,-0.013882727,0.008018858,9.12E-08,0.020933632,0.003560948,7.039770614,0.0679677,1
fetus.epi.ieQTL,placenta,ENSG00000108557.19,RAI1,chr17_17608287_T_C,rs897458,0.416667,-73186,1.13E-07,-1.708261,0.2930672,0.087260385,-0.013882727,0.008018858,9.12E-08,0.020933632,0.003560948,7.039770614,0.0679677,1
fetus.epi.ieQTL,placenta,ENSG00000108557.19,RAI1,chr17_17608395_T_G,rs12936201,0.416667,-73078,1.13E-07,-1.708261,0.2930672,0.087260385,-0.013882727,0.008018858,9.12E-08,0.020933632,0.003560948,7.039770614,0.0679677,1
fetus.epi.ieQTL,placenta,ENSG00000108557.19,RAI1,chr17_17631415_A_C,rs8074794,0.397059,-50058,1.02E-07,-1.704698,0.29133633,0.100968086,-0.013200749,0.007955546,7.53E-08,0.02077837,0.003507432,7.123053553,0.0390618,1
fetus.epi.ieQTL,placenta,ENSG00000108557.19,RAI1,chr17_17602138_G_A,rs9895955,0.416667,-79335,1.13E-07,-1.708261,0.2930672,0.087260385,-0.013882727,0.008018858,9.12E-08,0.020933632,0.003560948,7.039770614,0.0679677,1
fetus.epi.ieQTL,placenta,ENSG00000108557.19,RAI1,chr17_17630893_T_C,rs12453926,0.397059,-50580,1.02E-07,-1.704698,0.29133633,0.100968086,-0.013200749,0.007955546,7.53E-08,0.02077837,0.003507432,7.123053553,0.0390618,1
fetus.epi.ieQTL,placenta,ENSG00000108557.19,RAI1,chr17_17590701_C_T,rs4646340,0.411765,-90772,1.31E-07,-1.702959,0.29395926,0.090862603,-0.013787651,0.008055865,1.19E-07,0.02076349,0.003570514,6.923914546,0.0438558,1
fetus.epi.ieQTL,placenta,ENSG00000108557.19,RAI1,chr17_17617470_T_C,rs62066209,0.406863,-64003,1.12E-07,-1.6966611,0.29105726,0.092673013,-0.013541114,0.007956854,7.09E-08,0.020794751,0.00350178,7.149202535,0.0263354,1
fetus.epi.ieQTL,placenta,ENSG00000108557.19,RAI1,chr17_17630436_T_C,rs7213809,0.397059,-51037,1.02E-07,-1.704698,0.29133633,0.100968086,-0.013200749,0.007955546,7.53E-08,0.02077837,0.003507432,7.123053553,0.0390618,1
fetus.epi.ieQTL,placenta,ENSG00000108557.19,RAI1,chr17_17608073_A_G,rs1809206,0.416667,-73400,1.13E-07,-1.708261,0.2930672,0.087260385,-0.013882727,0.008018858,9.12E-08,0.020933632,0.003560948,7.039770614,0.0679677,1
fetus.epi.ieQTL,placenta,ENSG00000108557.19,RAI1,chr17_17601295_T_C,rs11867208,0.416667,-80178,1.13E-07,-1.708261,0.2930672,0.087260385,-0.013882727,0.008018858,9.12E-08,0.020933632,0.003560948,7.039770614,0.0679677,1
fetus.epi.ieQTL,placenta,ENSG00000108557.19,RAI1,chr17_17606373_T_C,rs11078390,0.416667,-75100,1.13E-07,-1.708261,0.2930672,0.087260385,-0.013882727,0.008018858,9.12E-08,0.020933632,0.003560948,7.039770614,0.0679677,1
fetus.epi.ieQTL,placenta,ENSG00000108557.19,RAI1,chr17_17590496_A_G,rs4646341,0.411765,-90977,1.31E-07,-1.702959,0.29395926,0.090862603,-0.013787651,0.008055865,1.19E-07,0.02076349,0.003570514,6.923914546,0.0438558,1
fetus.epi.ieQTL,placenta,ENSG00000108557.19,RAI1,chr17_17600230_T_C,rs2350631,0.411765,-81243,3.98E-08,-1.7658601,0.29071727,0.068699978,-0.014603792,0.00791422,2.91E-08,0.021817343,0.003548881,7.53599474,0.0920834,1
fetus.epi.ieQTL,placenta,ENSG00000108557.19,RAI1,chr17_17602999_A_G,rs6502609,0.416667,-78474,1.13E-07,-1.708261,0.2930672,0.087260385,-0.013882727,0.008018858,9.12E-08,0.020933632,0.003560948,7.039770614,0.0679677,1
fetus.epi.ieQTL,placenta,ENSG00000108557.19,RAI1,chr17_17622162_T_C,rs11869492,0.401961,-59311,9.39E-08,-1.704001,0.29019585,0.097301524,-0.013262583,0.007905046,5.67E-08,0.020915655,0.003491128,7.246258433,0.0270823,1
fetus.epi.ieQTL,placenta,ENSG00000108557.19,RAI1,chr17_17634694_C_A,rs9890064,0.397059,-46779,1.02E-07,-1.704698,0.29133633,0.100968086,-0.013200749,0.007955546,7.53E-08,0.02077837,0.003507432,7.123053553,0.0390618,1
fetus.epi.ieQTL,placenta,ENSG00000198933.9,TBKBP1,chr17_48279002_T_A,rs9905961,0.107843,584921,0.206404338,0.6900748,0.5417229,0.02860802,0.023000108,0.010317837,0.258907333,-0.007746733,0.006812947,0.586855648,0.00817809,4
fetus.epi.ieQTL,placenta,ENSG00000198933.9,TBKBP1,chr17_48354476_A_G,rs17696503,0.107843,660395,0.206404338,0.6900748,0.5417229,0.02860802,0.023000108,0.010317837,0.258907333,-0.007746733,0.006812947,0.586855648,0.00817809,4
fetus.epi.ieQTL,placenta,ENSG00000198933.9,TBKBP1,chr17_48396324_A_G,rs12449653,0.107843,702243,0.206404338,0.6900748,0.5417229,0.02860802,0.023000108,0.010317837,0.258907333,-0.007746733,0.006812947,0.586855648,0.00817809,4
fetus.epi.ieQTL,placenta,ENSG00000198933.9,TBKBP1,chr17_48294928_T_C,rs6504158,0.107843,600847,0.206404338,0.6900748,0.5417229,0.02860802,0.023000108,0.010317837,0.258907333,-0.007746733,0.006812947,0.586855648,0.00817809,4
fetus.epi.ieQTL,placenta,ENSG00000198933.9,TBKBP1,chr17_48313836_C_T,rs12452234,0.107843,619755,0.206404338,0.6900748,0.5417229,0.02860802,0.023000108,0.010317837,0.258907333,-0.007746733,0.006812947,0.586855648,0.00817809,4
fetus.epi.ieQTL,placenta,ENSG00000198933.9,TBKBP1,chr17_48259674_T_C,rs12941754,0.107843,565593,0.206404338,0.6900748,0.5417229,0.02860802,0.023000108,0.010317837,0.258907333,-0.007746733,0.006812947,0.586855648,0.00817809,4
fetus.epi.ieQTL,placenta,ENSG00000198933.9,TBKBP1,chr17_48301343_C_T,rs7219985,0.107843,607262,0.206404338,0.6900748,0.5417229,0.02860802,0.023000108,0.010317837,0.258907333,-0.007746733,0.006812947,0.586855648,0.00817809,4
fetus.epi.ieQTL,placenta,ENSG00000198933.9,TBKBP1,chr17_48377313_C_G,rs6504203,0.107843,683232,0.206404338,0.6900748,0.5417229,0.02860802,0.023000108,0.010317837,0.258907333,-0.007746733,0.006812947,0.586855648,0.00817809,4
fetus.epi.ieQTL,placenta,ENSG00000198933.9,TBKBP1,chr17_48316847_AAC_A,rs34129208,0.107843,622766,0.206404338,0.6900748,0.5417229,0.02860802,0.023000108,0.010317837,0.258907333,-0.007746733,0.006812947,0.586855648,0.00817809,4
fetus.epi.ieQTL,placenta,ENSG00000198933.9,TBKBP1,chr17_48284393_G_C,rs17694895,0.107843,590312,0.206404338,0.6900748,0.5417229,0.02860802,0.023000108,0.010317837,0.258907333,-0.007746733,0.006812947,0.586855648,0.00817809,4
fetus.epi.ieQTL,placenta,ENSG00000198933.9,TBKBP1,chr17_48261823_GA_G,rs35542714,0.107843,567742,0.206404338,0.6900748,0.5417229,0.02860802,0.023000108,0.010317837,0.258907333,-0.007746733,0.006812947,0.586855648,0.00817809,4
fetus.epi.ieQTL,placenta,ENSG00000198933.9,TBKBP1,chr17_48352255_C_G,rs8067953,0.107843,658174,0.206404338,0.6900748,0.5417229,0.02860802,0.023000108,0.010317837,0.258907333,-0.007746733,0.006812947,0.586855648,0.00817809,4
fetus.epi.ieQTL,placenta,ENSG00000198933.9,TBKBP1,chr17_48379488_T_C,rs11655672,0.107843,685407,0.206404338,0.6900748,0.5417229,0.02860802,0.023000108,0.010317837,0.258907333,-0.007746733,0.006812947,0.586855648,0.00817809,4
fetus.epi.ieQTL,placenta,ENSG00000198933.9,TBKBP1,chr17_48270566_C_T,rs12938032,0.107843,576485,0.206404338,0.6900748,0.5417229,0.02860802,0.023000108,0.010317837,0.258907333,-0.007746733,0.006812947,0.586855648,0.00817809,4
fetus.epi.ieQTL,placenta,ENSG00000198933.9,TBKBP1,chr17_48403708_T_C,rs2175158,0.107843,709627,0.206404338,0.6900748,0.5417229,0.02860802,0.023000108,0.010317837,0.258907333,-0.007746733,0.006812947,0.586855648,0.00817809,4
fetus.epi.ieQTL,placenta,ENSG00000198933.9,TBKBP1,chr17_48311441_G_A,rs7209855,0.107843,617360,0.206404338,0.6900748,0.5417229,0.02860802,0.023000108,0.010317837,0.258907333,-0.007746733,0.006812947,0.586855648,0.00817809,4
fetus.epi.ieQTL,placenta,ENSG00000198933.9,TBKBP1,chr17_48351206_C_T,rs7224686,0.107843,657125,0.206404338,0.6900748,0.5417229,0.02860802,0.023000108,0.010317837,0.258907333,-0.007746733,0.006812947,0.586855648,0.00817809,4
fetus.epi.ieQTL,placenta,ENSG00000198933.9,TBKBP1,chr17_48165805_C_T,rs17619103,0.215686,471724,0.003254958,1.3841397,0.45622182,0.00140672,0.033852387,0.010231461,0.007217583,-0.015939467,0.005780784,2.141608202,1,2
fetus.epi.ieQTL,placenta,ENSG00000198933.9,TBKBP1,chr17_48356052_C_T,rs34466582,0.107843,661971,0.206404338,0.6900748,0.5417229,0.02860802,0.023000108,0.010317837,0.258907333,-0.007746733,0.006812947,0.586855648,0.00817809,4
fetus.epi.ieQTL,placenta,ENSG00000198933.9,TBKBP1,chr17_48309587_G_C,rs9890488,0.107843,615506,0.206404338,0.6900748,0.5417229,0.02860802,0.023000108,0.010317837,0.258907333,-0.007746733,0.006812947,0.586855648,0.00817809,4
fetus.epi.ieQTL,placenta,ENSG00000198933.9,TBKBP1,chr17_48322473_G_A,rs7221770,0.107843,628392,0.206404338,0.6900748,0.5417229,0.02860802,0.023000108,0.010317837,0.258907333,-0.007746733,0.006812947,0.586855648,0.00817809,4
fetus.epi.ieQTL,placenta,ENSG00000198933.9,TBKBP1,chr17_48381289_T_C,rs12939680,0.107843,687208,0.206404338,0.6900748,0.5417229,0.02860802,0.023000108,0.010317837,0.258907333,-0.007746733,0.006812947,0.586855648,0.00817809,4
fetus.epi.ieQTL,placenta,ENSG00000198933.9,TBKBP1,chr17_48277311_A_G,rs12948128,0.107843,583230,0.206404338,0.6900748,0.5417229,0.02860802,0.023000108,0.010317837,0.258907333,-0.007746733,0.006812947,0.586855648,0.00817809,4
fetus.epi.ieQTL,placenta,ENSG00000198933.9,TBKBP1,chr17_48274423_A_G,rs9895123,0.107843,580342,0.206404338,0.6900748,0.5417229,0.02860802,0.023000108,0.010317837,0.258907333,-0.007746733,0.006812947,0.586855648,0.00817809,4
fetus.epi.ieQTL,placenta,ENSG00000198933.9,TBKBP1,chr17_48343551_C_CT,rs34665633,0.107843,649470,0.206404338,0.6900748,0.5417229,0.02860802,0.023000108,0.010317837,0.258907333,-0.007746733,0.006812947,0.586855648,0.00817809,4
fetus.epi.ieQTL,placenta,ENSG00000198933.9,TBKBP1,chr17_48251305_G_A,rs8081754,0.107843,557224,0.206404338,0.6900748,0.5417229,0.02860802,0.023000108,0.010317837,0.258907333,-0.007746733,0.006812947,0.586855648,0.00817809,4
fetus.epi.ieQTL,placenta,ENSG00000198933.9,TBKBP1,chr17_48397248_T_C,rs12940365,0.107843,703167,0.206404338,0.6900748,0.5417229,0.02860802,0.023000108,0.010317837,0.258907333,-0.007746733,0.006812947,0.586855648,0.00817809,4
fetus.epi.ieQTL,placenta,ENSG00000198933.9,TBKBP1,chr17_48319469_A_G,rs7206951,0.107843,625388,0.206404338,0.6900748,0.5417229,0.02860802,0.023000108,0.010317837,0.258907333,-0.007746733,0.006812947,0.586855648,0.00817809,4
fetus.epi.ieQTL,placenta,ENSG00000198933.9,TBKBP1,chr17_48281916_T_C,rs17621707,0.107843,587835,0.206404338,0.6900748,0.5417229,0.02860802,0.023000108,0.010317837,0.258907333,-0.007746733,0.006812947,0.586855648,0.00817809,4
fetus.epi.ieQTL,placenta,ENSG00000198933.9,TBKBP1,chr17_48327929_G_A,rs8068128,0.107843,633848,0.206404338,0.6900748,0.5417229,0.02860802,0.023000108,0.010317837,0.258907333,-0.007746733,0.006812947,0.586855648,0.00817809,4
fetus.epi.ieQTL,placenta,ENSG00000198933.9,TBKBP1,chr17_48323291_A_G,rs4451990,0.107843,629210,0.206404338,0.6900748,0.5417229,0.02860802,0.023000108,0.010317837,0.258907333,-0.007746733,0.006812947,0.586855648,0.00817809,4
fetus.epi.ieQTL,placenta,ENSG00000198933.9,TBKBP1,chr17_48377163_TAA_T,rs10555907,0.107843,683082,0.206404338,0.6900748,0.5417229,0.02860802,0.023000108,0.010317837,0.258907333,-0.007746733,0.006812947,0.586855648,0.00817809,4
fetus.epi.ieQTL,placenta,ENSG00000198933.9,TBKBP1,chr17_48342435_T_C,rs1553751,0.107843,648354,0.206404338,0.6900748,0.5417229,0.02860802,0.023000108,0.010317837,0.258907333,-0.007746733,0.006812947,0.586855648,0.00817809,4
fetus.epi.ieQTL,placenta,ENSG00000198933.9,TBKBP1,chr17_48275101_C_T,rs9895985,0.107843,581020,0.206404338,0.6900748,0.5417229,0.02860802,0.023000108,0.010317837,0.258907333,-0.007746733,0.006812947,0.586855648,0.00817809,4
fetus.epi.ieQTL,placenta,ENSG00000198933.9,TBKBP1,chr17_48297849_A_T,rs4128439,0.107843,603768,0.206404338,0.6900748,0.5417229,0.02860802,0.023000108,0.010317837,0.258907333,-0.007746733,0.006812947,0.586855648,0.00817809,4
fetus.epi.ieQTL,placenta,ENSG00000198933.9,TBKBP1,chr17_48473715_C_CAAT,rs199969225,0.0686275,779634,0.111586786,1.3157773,0.8178329,0.01986857,0.024622092,0.010360747,0.111377306,-0.016246224,0.010091979,0.953203293,0.988629,5
fetus.epi.ieQTL,placenta,ENSG00000198933.9,TBKBP1,chr17_48300530_T_C,rs4312351,0.107843,606449,0.206404338,0.6900748,0.5417229,0.02860802,0.023000108,0.010317837,0.258907333,-0.007746733,0.006812947,0.586855648,0.00817809,4
fetus.epi.ieQTL,placenta,ENSG00000198933.9,TBKBP1,chr17_48330072_T_C,rs6504172,0.107843,635991,0.206404338,0.6900748,0.5417229,0.02860802,0.023000108,0.010317837,0.258907333,-0.007746733,0.006812947,0.586855648,0.00817809,4
fetus.epi.ieQTL,placenta,ENSG00000198933.9,TBKBP1,chr17_48268623_T_C,rs12943082,0.107843,574542,0.206404338,0.6900748,0.5417229,0.02860802,0.023000108,0.010317837,0.258907333,-0.007746733,0.006812947,0.586855648,0.00817809,4
fetus.epi.ieQTL,placenta,ENSG00000198933.9,TBKBP1,chr17_48338660_T_A,rs17623154,0.107843,644579,0.206404338,0.6900748,0.5417229,0.02860802,0.023000108,0.010317837,0.258907333,-0.007746733,0.006812947,0.586855648,0.00817809,4
fetus.epi.ieQTL,placenta,ENSG00000198933.9,TBKBP1,chr17_48285608_C_T,rs34246566,0.107843,591527,0.206404338,0.6900748,0.5417229,0.02860802,0.023000108,0.010317837,0.258907333,-0.007746733,0.006812947,0.586855648,0.00817809,4
fetus.epi.ieQTL,placenta,ENSG00000198933.9,TBKBP1,chr17_48286425_T_C,rs8076655,0.107843,592344,0.206404338,0.6900748,0.5417229,0.02860802,0.023000108,0.010317837,0.258907333,-0.007746733,0.006812947,0.586855648,0.00817809,4
fetus.epi.ieQTL,placenta,ENSG00000198933.9,TBKBP1,chr17_48340785_T_A,rs35509644,0.107843,646704,0.206404338,0.6900748,0.5417229,0.02860802,0.023000108,0.010317837,0.258907333,-0.007746733,0.006812947,0.586855648,0.00817809,4
fetus.epi.ieQTL,placenta,ENSG00000198933.9,TBKBP1,chr17_48288773_G_A,rs9906193,0.107843,594692,0.206404338,0.6900748,0.5417229,0.02860802,0.023000108,0.010317837,0.258907333,-0.007746733,0.006812947,0.586855648,0.00817809,4
fetus.epi.ieQTL,placenta,ENSG00000198933.9,TBKBP1,chr17_48312550_A_G,rs9916227,0.107843,618469,0.206404338,0.6900748,0.5417229,0.02860802,0.023000108,0.010317837,0.258907333,-0.007746733,0.006812947,0.586855648,0.00817809,4
fetus.epi.ieQTL,placenta,ENSG00000198933.9,TBKBP1,chr17_48264913_G_A,rs17621199,0.107843,570832,0.206404338,0.6900748,0.5417229,0.02860802,0.023000108,0.010317837,0.258907333,-0.007746733,0.006812947,0.586855648,0.00817809,4
fetus.epi.ieQTL,placenta,ENSG00000198933.9,TBKBP1,chr17_48280502_A_C,rs8082009,0.107843,586421,0.206404338,0.6900748,0.5417229,0.02860802,0.023000108,0.010317837,0.258907333,-0.007746733,0.006812947,0.586855648,0.00817809,4
fetus.epi.ieQTL,placenta,ENSG00000198933.9,TBKBP1,chr17_48302682_T_C,rs7215143,0.107843,608601,0.206404338,0.6900748,0.5417229,0.02860802,0.023000108,0.010317837,0.258907333,-0.007746733,0.006812947,0.586855648,0.00817809,4
fetus.epi.ieQTL,placenta,ENSG00000198933.9,TBKBP1,chr17_48090581_C_G,rs117746044,0.0833333,396500,5.94E-09,-3.127875,0.48003867,0.577471788,0.004868337,0.008703248,5.20E-09,0.039048936,0.005964814,8.284100411,1,1
fetus.epi.ieQTL,placenta,ENSG00000198933.9,TBKBP1,chr17_48253072_T_C,rs7222593,0.107843,558991,0.206404338,0.6900748,0.5417229,0.02860802,0.023000108,0.010317837,0.258907333,-0.007746733,0.006812947,0.586855648,0.00817809,4
fetus.epi.ieQTL,placenta,ENSG00000198933.9,TBKBP1,chr17_48291109_C_A,rs9910535,0.107843,597028,0.206404338,0.6900748,0.5417229,0.02860802,0.023000108,0.010317837,0.258907333,-0.007746733,0.006812947,0.586855648,0.00817809,4
fetus.epi.ieQTL,placenta,ENSG00000198933.9,TBKBP1,chr17_48353043_G_A,rs12944592,0.107843,658962,0.206404338,0.6900748,0.5417229,0.02860802,0.023000108,0.010317837,0.258907333,-0.007746733,0.006812947,0.586855648,0.00817809,4
fetus.epi.ieQTL,placenta,ENSG00000198933.9,TBKBP1,chr17_48367248_T_A,rs7210708,0.107843,673167,0.206404338,0.6900748,0.5417229,0.02860802,0.023000108,0.010317837,0.258907333,-0.007746733,0.006812947,0.586855648,0.00817809,4
fetus.epi.ieQTL,placenta,ENSG00000198933.9,TBKBP1,chr17_48316432_T_G,rs7219816,0.107843,622351,0.206404338,0.6900748,0.5417229,0.02860802,0.023000108,0.010317837,0.258907333,-0.007746733,0.006812947,0.586855648,0.00817809,4
fetus.epi.ieQTL,placenta,ENSG00000198933.9,TBKBP1,chr17_48365377_G_A,rs1912153,0.107843,671296,0.206404338,0.6900748,0.5417229,0.02860802,0.023000108,0.010317837,0.258907333,-0.007746733,0.006812947,0.586855648,0.00817809,4
fetus.epi.ieQTL,placenta,ENSG00000198933.9,TBKBP1,chr17_48404045_C_T,rs12948086,0.107843,709964,0.206404338,0.6900748,0.5417229,0.02860802,0.023000108,0.010317837,0.258907333,-0.007746733,0.006812947,0.586855648,0.00817809,4
fetus.epi.ieQTL,placenta,ENSG00000198933.9,TBKBP1,chr17_48352260_T_C,rs8072521,0.107843,658179,0.206404338,0.6900748,0.5417229,0.02860802,0.023000108,0.010317837,0.258907333,-0.007746733,0.006812947,0.586855648,0.00817809,4
fetus.epi.ieQTL,placenta,ENSG00000198933.9,TBKBP1,chr17_48255303_T_G,rs6504135,0.107843,561222,0.206404338,0.6900748,0.5417229,0.02860802,0.023000108,0.010317837,0.258907333,-0.007746733,0.006812947,0.586855648,0.00817809,4
fetus.epi.ieQTL,placenta,ENSG00000198933.9,TBKBP1,chr17_48353672_A_G,rs8078038,0.107843,659591,0.206404338,0.6900748,0.5417229,0.02860802,0.023000108,0.010317837,0.258907333,-0.007746733,0.006812947,0.586855648,0.00817809,4
fetus.epi.ieQTL,placenta,ENSG00000198933.9,TBKBP1,chr17_48278656_A_G,rs9899213,0.107843,584575,0.206404338,0.6900748,0.5417229,0.02860802,0.023000108,0.010317837,0.258907333,-0.007746733,0.006812947,0.586855648,0.00817809,4
fetus.epi.ieQTL,placenta,ENSG00000198933.9,TBKBP1,chr17_48364079_G_A,rs1553749,0.107843,669998,0.206404338,0.6900748,0.5417229,0.02860802,0.023000108,0.010317837,0.258907333,-0.007746733,0.006812947,0.586855648,0.00817809,4
fetus.epi.ieQTL,placenta,ENSG00000198933.9,TBKBP1,chr17_48400174_C_A,rs62064554,0.107843,706093,0.206404338,0.6900748,0.5417229,0.02860802,0.023000108,0.010317837,0.258907333,-0.007746733,0.006812947,0.586855648,0.00817809,4
fetus.epi.ieQTL,placenta,ENSG00000198933.9,TBKBP1,chr17_48317881_G_A,rs12450081,0.107843,623800,0.206404338,0.6900748,0.5417229,0.02860802,0.023000108,0.010317837,0.258907333,-0.007746733,0.006812947,0.586855648,0.00817809,4
fetus.epi.ieQTL,placenta,ENSG00000198933.9,TBKBP1,chr17_48272699_G_A,rs9905220,0.107843,578618,0.206404338,0.6900748,0.5417229,0.02860802,0.023000108,0.010317837,0.258907333,-0.007746733,0.006812947,0.586855648,0.00817809,4
fetus.epi.ieQTL,placenta,ENSG00000198933.9,TBKBP1,chr17_48355625_G_A,rs35759756,0.107843,661544,0.206404338,0.6900748,0.5417229,0.02860802,0.023000108,0.010317837,0.258907333,-0.007746733,0.006812947,0.586855648,0.00817809,4
fetus.epi.ieQTL,placenta,ENSG00000198933.9,TBKBP1,chr17_48356245_G_A,rs35003027,0.107843,662164,0.206404338,0.6900748,0.5417229,0.02860802,0.023000108,0.010317837,0.258907333,-0.007746733,0.006812947,0.586855648,0.00817809,4
fetus.epi.ieQTL,placenta,ENSG00000198933.9,TBKBP1,chr17_48349106_A_G,rs9909002,0.107843,655025,0.206404338,0.6900748,0.5417229,0.02860802,0.023000108,0.010317837,0.258907333,-0.007746733,0.006812947,0.586855648,0.00817809,4
fetus.epi.ieQTL,placenta,ENSG00000198933.9,TBKBP1,chr17_48275772_G_A,rs7225998,0.107843,581691,0.206404338,0.6900748,0.5417229,0.02860802,0.023000108,0.010317837,0.258907333,-0.007746733,0.006812947,0.586855648,0.00817809,4
fetus.epi.ieQTL,placenta,ENSG00000198933.9,TBKBP1,chr17_48395087_A_G,rs56146024,0.107843,701006,0.206404338,0.6900748,0.5417229,0.02860802,0.023000108,0.010317837,0.258907333,-0.007746733,0.006812947,0.586855648,0.00817809,4
fetus.epi.ieQTL,placenta,ENSG00000198933.9,TBKBP1,chr17_48268694_G_A,rs12950325,0.107843,574613,0.206404338,0.6900748,0.5417229,0.02860802,0.023000108,0.010317837,0.258907333,-0.007746733,0.006812947,0.586855648,0.00817809,4
fetus.epi.ieQTL,placenta,ENSG00000198933.9,TBKBP1,chr17_48380641_G_A,rs2056458,0.107843,686560,0.206404338,0.6900748,0.5417229,0.02860802,0.023000108,0.010317837,0.258907333,-0.007746733,0.006812947,0.586855648,0.00817809,4
fetus.epi.ieQTL,placenta,ENSG00000198933.9,TBKBP1,chr17_48391093_T_A,rs12451412,0.107843,697012,0.206404338,0.6900748,0.5417229,0.02860802,0.023000108,0.010317837,0.258907333,-0.007746733,0.006812947,0.586855648,0.00817809,4
fetus.epi.ieQTL,placenta,ENSG00000198933.9,TBKBP1,chr17_48400833_C_A,rs12952824,0.107843,706752,0.206404338,0.6900748,0.5417229,0.02860802,0.023000108,0.010317837,0.258907333,-0.007746733,0.006812947,0.586855648,0.00817809,4
fetus.epi.ieQTL,placenta,ENSG00000198933.9,TBKBP1,chr17_48316968_A_G,rs16955397,0.107843,622887,0.206404338,0.6900748,0.5417229,0.02860802,0.023000108,0.010317837,0.258907333,-0.007746733,0.006812947,0.586855648,0.00817809,4
fetus.epi.ieQTL,placenta,ENSG00000198933.9,TBKBP1,chr17_48385726_T_C,rs8073888,0.107843,691645,0.206404338,0.6900748,0.5417229,0.02860802,0.023000108,0.010317837,0.258907333,-0.007746733,0.006812947,0.586855648,0.00817809,4
fetus.epi.ieQTL,placenta,ENSG00000198933.9,TBKBP1,chr17_48370028_T_A,rs7217025,0.107843,675947,0.206404338,0.6900748,0.5417229,0.02860802,0.023000108,0.010317837,0.258907333,-0.007746733,0.006812947,0.586855648,0.00817809,4
fetus.epi.ieQTL,placenta,ENSG00000198933.9,TBKBP1,chr17_48288204_A_G,rs4556829,0.107843,594123,0.206404338,0.6900748,0.5417229,0.02860802,0.023000108,0.010317837,0.258907333,-0.007746733,0.006812947,0.586855648,0.00817809,4
fetus.epi.ieQTL,placenta,ENSG00000198933.9,TBKBP1,chr17_48376815_T_C,rs11079818,0.107843,682734,0.206404338,0.6900748,0.5417229,0.02860802,0.023000108,0.010317837,0.258907333,-0.007746733,0.006812947,0.586855648,0.00817809,4
fetus.epi.ieQTL,placenta,ENSG00000198933.9,TBKBP1,chr17_48356776_T_C,rs9907699,0.107843,662695,0.206404338,0.6900748,0.5417229,0.02860802,0.023000108,0.010317837,0.258907333,-0.007746733,0.006812947,0.586855648,0.00817809,4
fetus.epi.ieQTL,placenta,ENSG00000198933.9,TBKBP1,chr17_48395070_C_G,rs12946636,0.107843,700989,0.206404338,0.6900748,0.5417229,0.02860802,0.023000108,0.010317837,0.258907333,-0.007746733,0.006812947,0.586855648,0.00817809,4
fetus.epi.ieQTL,placenta,ENSG00000198933.9,TBKBP1,chr17_48338189_A_G,rs9747133,0.107843,644108,0.206404338,0.6900748,0.5417229,0.02860802,0.023000108,0.010317837,0.258907333,-0.007746733,0.006812947,0.586855648,0.00817809,4
fetus.epi.ieQTL,placenta,ENSG00000198933.9,TBKBP1,chr17_48405349_A_AT,rs59439905,0.107843,711268,0.206404338,0.6900748,0.5417229,0.02860802,0.023000108,0.010317837,0.258907333,-0.007746733,0.006812947,0.586855648,0.00817809,4
fetus.epi.ieQTL,placenta,ENSG00000198933.9,TBKBP1,chr17_48357631_G_A,rs9906651,0.107843,663550,0.206404338,0.6900748,0.5417229,0.02860802,0.023000108,0.010317837,0.258907333,-0.007746733,0.006812947,0.586855648,0.00817809,4
fetus.epi.ieQTL,placenta,ENSG00000198933.9,TBKBP1,chr17_48354811_T_C,rs17623482,0.107843,660730,0.206404338,0.6900748,0.5417229,0.02860802,0.023000108,0.010317837,0.258907333,-0.007746733,0.006812947,0.586855648,0.00817809,4
fetus.epi.ieQTL,placenta,ENSG00000198933.9,TBKBP1,chr17_48314932_T_C,rs7213513,0.107843,620851,0.206404338,0.6900748,0.5417229,0.02860802,0.023000108,0.010317837,0.258907333,-0.007746733,0.006812947,0.586855648,0.00817809,4
fetus.epi.ieQTL,placenta,ENSG00000198933.9,TBKBP1,chr17_48367058_A_G,rs17696640,0.107843,672977,0.206404338,0.6900748,0.5417229,0.02860802,0.023000108,0.010317837,0.258907333,-0.007746733,0.006812947,0.586855648,0.00817809,4
fetus.epi.ieQTL,placenta,ENSG00000198933.9,TBKBP1,chr17_48365896_G_A,rs12150117,0.107843,671815,0.206404338,0.6900748,0.5417229,0.02860802,0.023000108,0.010317837,0.258907333,-0.007746733,0.006812947,0.586855648,0.00817809,4
fetus.epi.ieQTL,placenta,ENSG00000198933.9,TBKBP1,chr17_48285211_G_C,rs8065385,0.107843,591130,0.206404338,0.6900748,0.5417229,0.02860802,0.023000108,0.010317837,0.258907333,-0.007746733,0.006812947,0.586855648,0.00817809,4
fetus.epi.ieQTL,placenta,ENSG00000198933.9,TBKBP1,chr17_48343444_T_C,rs1553753,0.107843,649363,0.206404338,0.6900748,0.5417229,0.02860802,0.023000108,0.010317837,0.258907333,-0.007746733,0.006812947,0.586855648,0.00817809,4
fetus.epi.ieQTL,placenta,ENSG00000198933.9,TBKBP1,chr17_48366232_G_A,rs1912154,0.107843,672151,0.206404338,0.6900748,0.5417229,0.02860802,0.023000108,0.010317837,0.258907333,-0.007746733,0.006812947,0.586855648,0.00817809,4
fetus.epi.ieQTL,placenta,ENSG00000198933.9,TBKBP1,chr17_48316810_C_G,rs4131712,0.107843,622729,0.206404338,0.6900748,0.5417229,0.02860802,0.023000108,0.010317837,0.258907333,-0.007746733,0.006812947,0.586855648,0.00817809,4
fetus.epi.ieQTL,placenta,ENSG00000198933.9,TBKBP1,chr17_48380941_T_C,rs7209522,0.107843,686860,0.206404338,0.6900748,0.5417229,0.02860802,0.023000108,0.010317837,0.258907333,-0.007746733,0.006812947,0.586855648,0.00817809,4
fetus.epi.ieQTL,placenta,ENSG00000198933.9,TBKBP1,chr17_48334138_A_G,rs9303542,0.107843,640057,0.206404338,0.6900748,0.5417229,0.02860802,0.023000108,0.010317837,0.258907333,-0.007746733,0.006812947,0.586855648,0.00817809,4
fetus.epi.ieQTL,placenta,ENSG00000198933.9,TBKBP1,chr17_48287098_AAAATAAAT_A,rs57589895,0.107843,593017,0.206404338,0.6900748,0.5417229,0.02860802,0.023000108,0.010317837,0.258907333,-0.007746733,0.006812947,0.586855648,0.00817809,4
fetus.epi.ieQTL,placenta,ENSG00000198933.9,TBKBP1,chr17_48369146_AAAATAAAT_A,rs59376097,0.107843,675065,0.206404338,0.6900748,0.5417229,0.02860802,0.023000108,0.010317837,0.258907333,-0.007746733,0.006812947,0.586855648,0.00817809,4
fetus.epi.ieQTL,placenta,ENSG00000198933.9,TBKBP1,chr17_48276435_C_T,rs9909872,0.107843,582354,0.206404338,0.6900748,0.5417229,0.02860802,0.023000108,0.010317837,0.258907333,-0.007746733,0.006812947,0.586855648,0.00817809,4
fetus.epi.ieQTL,placenta,ENSG00000198933.9,TBKBP1,chr17_48260211_C_T,rs8065115,0.107843,566130,0.206404338,0.6900748,0.5417229,0.02860802,0.023000108,0.010317837,0.258907333,-0.007746733,0.006812947,0.586855648,0.00817809,4
fetus.epi.ieQTL,placenta,ENSG00000198933.9,TBKBP1,chr17_48329258_A_G,rs35974423,0.107843,635177,0.206404338,0.6900748,0.5417229,0.02860802,0.023000108,0.010317837,0.258907333,-0.007746733,0.006812947,0.586855648,0.00817809,4
fetus.epi.ieQTL,placenta,ENSG00000198933.9,TBKBP1,chr17_48323956_A_G,rs7210445,0.107843,629875,0.206404338,0.6900748,0.5417229,0.02860802,0.023000108,0.010317837,0.258907333,-0.007746733,0.006812947,0.586855648,0.00817809,4
fetus.epi.ieQTL,placenta,ENSG00000198933.9,TBKBP1,chr17_48369945_T_A,rs7216971,0.107843,675864,0.206404338,0.6900748,0.5417229,0.02860802,0.023000108,0.010317837,0.258907333,-0.007746733,0.006812947,0.586855648,0.00817809,4
fetus.epi.ieQTL,placenta,ENSG00000198933.9,TBKBP1,chr17_48339953_C_T,rs12940162,0.107843,645872,0.206404338,0.6900748,0.5417229,0.02860802,0.023000108,0.010317837,0.258907333,-0.007746733,0.006812947,0.586855648,0.00817809,4
fetus.epi.ieQTL,placenta,ENSG00000198933.9,TBKBP1,chr17_48281088_T_C,rs12453208,0.107843,587007,0.206404338,0.6900748,0.5417229,0.02860802,0.023000108,0.010317837,0.258907333,-0.007746733,0.006812947,0.586855648,0.00817809,4
fetus.epi.ieQTL,placenta,ENSG00000198933.9,TBKBP1,chr17_48340451_A_G,rs8074443,0.107843,646370,0.206404338,0.6900748,0.5417229,0.02860802,0.023000108,0.010317837,0.258907333,-0.007746733,0.006812947,0.586855648,0.00817809,4
fetus.epi.ieQTL,placenta,ENSG00000198933.9,TBKBP1,chr17_48341227_A_G,rs7218848,0.107843,647146,0.206404338,0.6900748,0.5417229,0.02860802,0.023000108,0.010317837,0.258907333,-0.007746733,0.006812947,0.586855648,0.00817809,4
fetus.epi.ieQTL,placenta,ENSG00000198933.9,TBKBP1,chr17_48282244_G_C,rs8068397,0.107843,588163,0.206404338,0.6900748,0.5417229,0.02860802,0.023000108,0.010317837,0.258907333,-0.007746733,0.006812947,0.586855648,0.00817809,4
fetus.epi.ieQTL,placenta,ENSG00000198933.9,TBKBP1,chr17_48343346_G_A,rs1553752,0.107843,649265,0.206404338,0.6900748,0.5417229,0.02860802,0.023000108,0.010317837,0.258907333,-0.007746733,0.006812947,0.586855648,0.00817809,4
fetus.epi.ieQTL,placenta,ENSG00000198933.9,TBKBP1,chr17_48263229_C_T,rs6504145,0.107843,569148,0.206404338,0.6900748,0.5417229,0.02860802,0.023000108,0.010317837,0.258907333,-0.007746733,0.006812947,0.586855648,0.00817809,4
fetus.epi.ieQTL,placenta,ENSG00000198933.9,TBKBP1,chr17_48012447_T_C,rs35662223,0.191176,318366,0.074118346,-0.9236403,0.51041967,0.272856325,0.012640924,0.011448995,0.053630946,0.01275974,0.006514345,1.270584539,1,3
fetus.epi.ieQTL,placenta,ENSG00000198933.9,TBKBP1,chr17_48289363_A_G,rs8069900,0.107843,595282,0.206404338,0.6900748,0.5417229,0.02860802,0.023000108,0.010317837,0.258907333,-0.007746733,0.006812947,0.586855648,0.00817809,4
fetus.epi.ieQTL,placenta,ENSG00000198933.9,TBKBP1,chr17_48313716_C_T,rs12452212,0.107843,619635,0.206404338,0.6900748,0.5417229,0.02860802,0.023000108,0.010317837,0.258907333,-0.007746733,0.006812947,0.586855648,0.00817809,4
fetus.epi.ieQTL,placenta,ENSG00000198933.9,TBKBP1,chr17_48355250_C_T,rs7207928,0.107843,661169,0.206404338,0.6900748,0.5417229,0.02860802,0.023000108,0.010317837,0.258907333,-0.007746733,0.006812947,0.586855648,0.00817809,4
fetus.epi.ieQTL,placenta,ENSG00000198933.9,TBKBP1,chr17_48370760_C_A,rs8074212,0.107843,676679,0.206404338,0.6900748,0.5417229,0.02860802,0.023000108,0.010317837,0.258907333,-0.007746733,0.006812947,0.586855648,0.00817809,4
fetus.epi.ieQTL,placenta,ENSG00000198933.9,TBKBP1,chr17_48337980_T_A,rs12450014,0.107843,643899,0.206404338,0.6900748,0.5417229,0.02860802,0.023000108,0.010317837,0.258907333,-0.007746733,0.006812947,0.586855648,0.00817809,4
fetus.epi.ieQTL,placenta,ENSG00000198933.9,TBKBP1,chr17_48361884_C_G,rs12948017,0.107843,667803,0.206404338,0.6900748,0.5417229,0.02860802,0.023000108,0.010317837,0.258907333,-0.007746733,0.006812947,0.586855648,0.00817809,4
fetus.epi.ieQTL,placenta,ENSG00000198933.9,TBKBP1,chr17_48347427_G_A,rs9897162,0.107843,653346,0.206404338,0.6900748,0.5417229,0.02860802,0.023000108,0.010317837,0.258907333,-0.007746733,0.006812947,0.586855648,0.00817809,4
fetus.epi.ieQTL,placenta,ENSG00000198933.9,TBKBP1,chr17_48312591_T_C,rs9894812,0.107843,618510,0.206404338,0.6900748,0.5417229,0.02860802,0.023000108,0.010317837,0.258907333,-0.007746733,0.006812947,0.586855648,0.00817809,4
fetus.epi.ieQTL,placenta,ENSG00000198933.9,TBKBP1,chr17_48290169_G_C,rs9901279,0.107843,596088,0.206404338,0.6900748,0.5417229,0.02860802,0.023000108,0.010317837,0.258907333,-0.007746733,0.006812947,0.586855648,0.00817809,4
fetus.epi.ieQTL,placenta,ENSG00000198933.9,TBKBP1,chr17_48388214_T_A,rs12938640,0.107843,694133,0.206404338,0.6900748,0.5417229,0.02860802,0.023000108,0.010317837,0.258907333,-0.007746733,0.006812947,0.586855648,0.00817809,4
fetus.epi.ieQTL,placenta,ENSG00000198933.9,TBKBP1,chr17_48284463_T_G,rs7212930,0.107843,590382,0.206404338,0.6900748,0.5417229,0.02860802,0.023000108,0.010317837,0.258907333,-0.007746733,0.006812947,0.586855648,0.00817809,4
fetus.epi.ieQTL,placenta,ENSG00000198933.9,TBKBP1,chr17_48360887_C_A,rs9891073,0.107843,666806,0.206404338,0.6900748,0.5417229,0.02860802,0.023000108,0.010317837,0.258907333,-0.007746733,0.006812947,0.586855648,0.00817809,4
fetus.epi.ieQTL,placenta,ENSG00000198933.9,TBKBP1,chr17_48259402_T_C,rs12940931,0.107843,565321,0.206404338,0.6900748,0.5417229,0.02860802,0.023000108,0.010317837,0.258907333,-0.007746733,0.006812947,0.586855648,0.00817809,4
fetus.epi.ieQTL,placenta,ENSG00000198933.9,TBKBP1,chr17_48399087_CT_C,rs35118348,0.107843,705006,0.206404338,0.6900748,0.5417229,0.02860802,0.023000108,0.010317837,0.258907333,-0.007746733,0.006812947,0.586855648,0.00817809,4
fetus.epi.ieQTL,placenta,ENSG00000198933.9,TBKBP1,chr17_48258937_C_T,rs7211607,0.107843,564856,0.206404338,0.6900748,0.5417229,0.02860802,0.023000108,0.010317837,0.258907333,-0.007746733,0.006812947,0.586855648,0.00817809,4
fetus.epi.ieQTL,placenta,ENSG00000198933.9,TBKBP1,chr17_48300393_G_GA,rs5820693,0.107843,606312,0.206404338,0.6900748,0.5417229,0.02860802,0.023000108,0.010317837,0.258907333,-0.007746733,0.006812947,0.586855648,0.00817809,4
fetus.epi.ieQTL,placenta,ENSG00000198933.9,TBKBP1,chr17_48299122_A_T,rs12937965,0.107843,605041,0.206404338,0.6900748,0.5417229,0.02860802,0.023000108,0.010317837,0.258907333,-0.007746733,0.006812947,0.586855648,0.00817809,4
fetus.epi.ieQTL,placenta,ENSG00000198933.9,TBKBP1,chr17_48269125_A_G,rs17621297,0.107843,575044,0.206404338,0.6900748,0.5417229,0.02860802,0.023000108,0.010317837,0.258907333,-0.007746733,0.006812947,0.586855648,0.00817809,4
fetus.epi.ieQTL,placenta,ENSG00000198933.9,TBKBP1,chr17_48279758_G_A,rs2084881,0.107843,585677,0.206404338,0.6900748,0.5417229,0.02860802,0.023000108,0.010317837,0.258907333,-0.007746733,0.006812947,0.586855648,0.00817809,4
fetus.epi.ieQTL,placenta,ENSG00000198933.9,TBKBP1,chr17_48350623_G_C,rs8078999,0.107843,656542,0.206404338,0.6900748,0.5417229,0.02860802,0.023000108,0.010317837,0.258907333,-0.007746733,0.006812947,0.586855648,0.00817809,4
fetus.epi.ieQTL,placenta,ENSG00000198933.9,TBKBP1,chr17_48332629_A_G,rs7222452,0.107843,638548,0.206404338,0.6900748,0.5417229,0.02860802,0.023000108,0.010317837,0.258907333,-0.007746733,0.006812947,0.586855648,0.00817809,4
fetus.epi.ieQTL,placenta,ENSG00000198933.9,TBKBP1,chr17_48375325_CCCA_C,rs56252851,0.107843,681244,0.206404338,0.6900748,0.5417229,0.02860802,0.023000108,0.010317837,0.258907333,-0.007746733,0.006812947,0.586855648,0.00817809,4
fetus.epi.ieQTL,placenta,ENSG00000198933.9,TBKBP1,chr17_48270633_G_A,rs62067799,0.107843,576552,0.206404338,0.6900748,0.5417229,0.02860802,0.023000108,0.010317837,0.258907333,-0.007746733,0.006812947,0.586855648,0.00817809,4
fetus.epi.ieQTL,placenta,ENSG00000198933.9,TBKBP1,chr17_48329252_TA_T,rs11354025,0.107843,635171,0.206404338,0.6900748,0.5417229,0.02860802,0.023000108,0.010317837,0.258907333,-0.007746733,0.006812947,0.586855648,0.00817809,4
fetus.epi.ieQTL,placenta,ENSG00000198933.9,TBKBP1,chr17_48372765_G_C,rs12953245,0.107843,678684,0.206404338,0.6900748,0.5417229,0.02860802,0.023000108,0.010317837,0.258907333,-0.007746733,0.006812947,0.586855648,0.00817809,4
fetus.epi.ieQTL,placenta,ENSG00000198933.9,TBKBP1,chr17_48391170_A_C,rs12450935,0.107843,697089,0.206404338,0.6900748,0.5417229,0.02860802,0.023000108,0.010317837,0.258907333,-0.007746733,0.006812947,0.586855648,0.00817809,4
fetus.epi.ieQTL,placenta,ENSG00000198933.9,TBKBP1,chr17_48290646_G_GC,rs67116967,0.107843,596565,0.206404338,0.6900748,0.5417229,0.02860802,0.023000108,0.010317837,0.258907333,-0.007746733,0.006812947,0.586855648,0.00817809,4
fetus.epi.ieQTL,placenta,ENSG00000198933.9,TBKBP1,chr17_48324038_T_C,rs7214589,0.107843,629957,0.206404338,0.6900748,0.5417229,0.02860802,0.023000108,0.010317837,0.258907333,-0.007746733,0.006812947,0.586855648,0.00817809,4
fetus.epi.ieQTL,placenta,ENSG00000198933.9,TBKBP1,chr17_48263679_T_G,rs17694192,0.107843,569598,0.206404338,0.6900748,0.5417229,0.02860802,0.023000108,0.010317837,0.258907333,-0.007746733,0.006812947,0.586855648,0.00817809,4
fetus.epi.ieQTL,placenta,ENSG00000129946.10,SHC2,chr19_286089_A_G,rs4258738,0.107843,-174907,4.04E-08,-3.6837037,0.6067751,0.295299467,0.010899159,0.010346012,1.48E-07,0.04379946,0.007599642,6.829393731,0.040572,1
fetus.epi.ieQTL,placenta,ENSG00000129946.10,SHC2,chr19_268105_G_A,rs79721198,0.117647,-192891,1.73E-07,-3.474172,0.60678405,0.206259411,0.013322013,0.010454681,5.21E-07,0.041204564,0.007546549,6.283482266,0.0142747,1
fetus.epi.ieQTL,placenta,ENSG00000129946.10,SHC2,chr19_289902_C_CCT,rs143668722,0.117647,-171094,2.04E-08,-3.658112,0.5871093,0.279228931,0.01118522,0.010266905,3.73E-08,0.04386521,0.007203449,7.428029368,0.0578389,1
fetus.epi.ieQTL,placenta,ENSG00000129946.10,SHC2,chr19_254193_G_T,rs866008615,0.112745,-206803,8.95E-08,-3.5301228,0.6000258,0.229099964,0.012542364,0.010348937,3.28E-07,0.041551918,0.007457208,6.483740814,0.0169731,1
fetus.epi.ieQTL,placenta,ENSG00000129946.10,SHC2,chr19_238434_C_G,rs145111147,0.117647,-222562,1.73E-07,-3.474172,0.60678405,0.206259411,0.013322013,0.010454681,5.21E-07,0.041204564,0.007546549,6.283482266,0.0142747,1
fetus.epi.ieQTL,placenta,ENSG00000129946.10,SHC2,chr19_260939_T_C,rs74536883,0.117647,-200057,1.73E-07,-3.474172,0.60678405,0.206259411,0.013322013,0.010454681,5.21E-07,0.041204564,0.007546549,6.283482266,0.0142747,1
fetus.epi.ieQTL,placenta,ENSG00000129946.10,SHC2,chr19_288466_T_A,rs76982856,0.112745,-172530,1.94E-08,-3.7332761,0.59803355,0.307434429,0.010561599,0.010282193,4.21E-08,0.044826396,0.007395745,7.375521167,0.130567,1
fetus.epi.ieQTL,placenta,ENSG00000129946.10,SHC2,chr19_264828_T_G,rs117913070,0.117647,-196168,1.73E-07,-3.474172,0.60678405,0.206259411,0.013322013,0.010454681,5.21E-07,0.041204564,0.007546549,6.283482266,0.0142747,1
fetus.epi.ieQTL,placenta,ENSG00000129946.10,SHC2,chr19_286907_G_A,rs4549008,0.112745,-174089,1.94E-08,-3.7332761,0.59803355,0.307434429,0.010561599,0.010282193,4.21E-08,0.044826396,0.007395745,7.375521167,0.130567,1
fetus.epi.ieQTL,placenta,ENSG00000129946.10,SHC2,chr19_281737_C_A,rs118039793,0.107843,-179259,4.04E-08,-3.6837037,0.6067751,0.295299467,0.010899159,0.010346012,1.48E-07,0.04379946,0.007599642,6.829393731,0.040572,1
fetus.epi.ieQTL,placenta,ENSG00000129946.10,SHC2,chr19_288246_T_C,rs10409452,0.112745,-172750,1.94E-08,-3.7332761,0.59803355,0.307434429,0.010561599,0.010282193,4.21E-08,0.044826396,0.007395745,7.375521167,0.130567,1
fetus.epi.ieQTL,placenta,ENSG00000129946.10,SHC2,chr19_254191_T_C,rs868765994,0.112745,-206805,8.95E-08,-3.5301228,0.6000258,0.229099964,0.012542364,0.010348937,3.28E-07,0.041551918,0.007457208,6.483740814,0.0169731,1
fetus.epi.ieQTL,placenta,ENSG00000129946.10,SHC2,chr19_284066_A_C,rs76024671,0.107843,-176930,4.04E-08,-3.6837037,0.6067751,0.295299467,0.010899159,0.010346012,1.48E-07,0.04379946,0.007599642,6.829393731,0.040572,1
fetus.epi.ieQTL,placenta,ENSG00000129946.10,SHC2,chr19_252101_C_T,rs151200005,0.117647,-208895,1.73E-07,-3.474172,0.60678405,0.206259411,0.013322013,0.010454681,5.21E-07,0.041204564,0.007546549,6.283482266,0.0142747,1
fetus.epi.ieQTL,placenta,ENSG00000129946.10,SHC2,chr19_288771_T_G,rs10410591,0.117647,-172225,3.08E-08,-3.6157339,0.5894267,0.303246927,0.010732093,0.01035751,6.44E-08,0.043110743,0.007232156,7.190828779,0.120141,1
fetus.epi.ieQTL,placenta,ENSG00000129946.10,SHC2,chr19_289895_T_C,rs118098755,0.117647,-171101,2.04E-08,-3.658112,0.5871093,0.279228931,0.01118522,0.010266905,3.73E-08,0.04386521,0.007203449,7.428029368,0.0578389,1
fetus.epi.ieQTL,placenta,ENSG00000129946.10,SHC2,chr19_285455_G_A,rs4897846,0.107843,-175541,4.04E-08,-3.6837037,0.6067751,0.295299467,0.010899159,0.010346012,1.48E-07,0.04379946,0.007599642,6.829393731,0.040572,1
fetus.epi.ieQTL,placenta,ENSG00000129946.10,SHC2,chr19_268400_T_C,rs78622521,0.117647,-192596,1.73E-07,-3.474172,0.60678405,0.206259411,0.013322013,0.010454681,5.21E-07,0.041204564,0.007546549,6.283482266,0.0142747,1
fetus.epi.ieQTL,placenta,ENSG00000129946.10,SHC2,chr19_285878_C_T,rs142356366,0.107843,-175118,4.04E-08,-3.6837037,0.6067751,0.295299467,0.010899159,0.010346012,1.48E-07,0.04379946,0.007599642,6.829393731,0.040572,1
fetus.epi.ieQTL,placenta,ENSG00000129946.10,SHC2,chr19_265551_T_A,rs77117568,0.117647,-195445,1.73E-07,-3.474172,0.60678405,0.206259411,0.013322013,0.010454681,5.21E-07,0.041204564,0.007546549,6.283482266,0.0142747,1
fetus.epi.ieQTL,placenta,ENSG00000244687.11,UBE2V1,chr20_49292046_C_CT,rs11086281,0.622549,-823913,2.86E-06,-4.6630936,0.92566407,0.772571973,-0.005944409,0.020498462,3.96E-06,0.056763366,0.011454902,5.402523279,0.00878247,1
fetus.epi.ieQTL,placenta,ENSG00000244687.11,UBE2V1,chr20_49239772_C_T,rs238158,0.622549,-876187,7.10E-06,-4.1795483,0.8697005,0.859873209,-0.003654709,0.020635782,1.03E-05,0.051054396,0.010840784,4.987537585,0.00452717,1
fetus.epi.ieQTL,placenta,ENSG00000244687.11,UBE2V1,chr20_49319092_A_G,rs237722,0.686275,-796867,5.04E-07,-4.764304,0.8712945,0.824587993,-0.004390011,0.019741394,5.64E-07,0.058033355,0.010667129,6.2484894,0.036141,1
fetus.epi.ieQTL,placenta,ENSG00000244687.11,UBE2V1,chr20_49336355_T_C,rs932442,0.465686,-779604,5.60E-06,4.6948786,0.96467096,0.582067998,0.011789658,0.021334315,6.18E-06,-0.05721626,0.011817819,5.209130698,0.00640316,1
fetus.epi.ieQTL,placenta,ENSG00000244687.11,UBE2V1,chr20_49220732_C_T,rs75699534,0.377451,-895227,7.10E-06,4.1795483,0.8697005,0.859873209,0.003654709,0.020635782,1.03E-05,-0.051054396,0.010840784,4.987537585,0.00452717,1
fetus.epi.ieQTL,placenta,ENSG00000244687.11,UBE2V1,chr20_49332140_G_A,rs1972189,0.465686,-783819,5.60E-06,4.6948786,0.96467096,0.582067998,0.011789658,0.021334315,6.18E-06,-0.05721626,0.011817819,5.209130698,0.00640316,1
fetus.epi.ieQTL,placenta,ENSG00000244687.11,UBE2V1,chr20_49336687_A_G,rs3092044,0.465686,-779272,5.60E-06,4.6948786,0.96467096,0.582067998,0.011789658,0.021334315,6.18E-06,-0.05721626,0.011817819,5.209130698,0.00640316,1
fetus.epi.ieQTL,placenta,ENSG00000244687.11,UBE2V1,chr20_49287606_C_T,rs237739,0.627451,-828353,2.93E-06,-4.6464815,0.92351097,0.785033393,-0.005603764,0.02047536,4.03E-06,0.056523945,0.011417079,5.394747087,0.00748699,1
fetus.epi.ieQTL,placenta,ENSG00000244687.11,UBE2V1,chr20_49297921_T_C,rs237707,0.627451,-818038,2.93E-06,-4.6464815,0.92351097,0.785033393,-0.005603764,0.02047536,4.03E-06,0.056523945,0.011417079,5.394747087,0.00748699,1
fetus.epi.ieQTL,placenta,ENSG00000244687.11,UBE2V1,chr20_49233009_T_C,rs6122768,0.622549,-882950,7.10E-06,-4.1795483,0.8697005,0.859873209,-0.003654709,0.020635782,1.03E-05,0.051054396,0.010840784,4.987537585,0.00452717,1
fetus.epi.ieQTL,placenta,ENSG00000244687.11,UBE2V1,chr20_49336974_G_A,rs2426146,0.465686,-778985,5.60E-06,4.6948786,0.96467096,0.582067998,0.011789658,0.021334315,6.18E-06,-0.05721626,0.011817819,5.209130698,0.00640316,1
fetus.epi.ieQTL,placenta,ENSG00000244687.11,UBE2V1,chr20_49338594_C_T,rs1007129,0.465686,-777365,5.60E-06,4.6948786,0.96467096,0.582067998,0.011789658,0.021334315,6.18E-06,-0.05721626,0.011817819,5.209130698,0.00640316,1
fetus.epi.ieQTL,placenta,ENSG00000244687.11,UBE2V1,chr20_49232034_T_C,rs106491,0.622549,-883925,7.10E-06,-4.1795483,0.8697005,0.859873209,-0.003654709,0.020635782,1.03E-05,0.051054396,0.010840784,4.987537585,0.00452717,1
fetus.epi.ieQTL,placenta,ENSG00000244687.11,UBE2V1,chr20_49319986_CA_C,rs11086282,0.661765,-795973,1.31E-07,-4.9940615,0.86214435,0.688395828,-0.007845504,0.019492349,2.02E-07,0.06043549,0.01062255,6.695177362,0.0896926,1
fetus.epi.ieQTL,placenta,ENSG00000244687.11,UBE2V1,chr20_49339452_C_T,rs3091791,0.465686,-776507,5.60E-06,4.6948786,0.96467096,0.582067998,0.011789658,0.021334315,6.18E-06,-0.05721626,0.011817819,5.209130698,0.00640316,1
fetus.epi.ieQTL,placenta,ENSG00000244687.11,UBE2V1,chr20_49287247_T_C,rs237740,0.627451,-828712,2.93E-06,-4.6464815,0.92351097,0.785033393,-0.005603764,0.02047536,4.03E-06,0.056523945,0.011417079,5.394747087,0.00748699,1
fetus.epi.ieQTL,placenta,ENSG00000244687.11,UBE2V1,chr20_49216546_A_T,rs75489035,0.377451,-899413,7.10E-06,4.1795483,0.8697005,0.859873209,0.003654709,0.020635782,1.03E-05,-0.051054396,0.010840784,4.987537585,0.00452717,1
fetus.epi.ieQTL,placenta,ENSG00000244687.11,UBE2V1,chr20_49301111_G_C,rs6019742,0.642157,-814848,2.07E-06,-4.681721,0.9145368,0.835720534,-0.004214495,0.020257358,2.80E-06,0.057042044,0.011311455,5.552524393,0.00878448,1
fetus.epi.ieQTL,placenta,ENSG00000244687.11,UBE2V1,chr20_49187671_C_T,rs348289,0.598039,-928288,7.77E-06,-4.350139,0.90958905,0.946870349,-0.001370752,0.020505834,9.41E-06,0.053497333,0.011303307,5.026617666,0.00630794,1
fetus.epi.ieQTL,placenta,ENSG00000244687.11,UBE2V1,chr20_49325443_T_C,rs237733,0.671569,-790516,2.65E-08,-5.105594,0.82758075,0.714738136,-0.006955741,0.018963413,3.08E-08,0.062137514,0.01012897,7.511782449,0.598897,1
fetus.epi.ieQTL,placenta,ENSG00000244687.11,UBE2V1,chr20_49230609_T_C,rs238170,0.622549,-885350,7.10E-06,-4.1795483,0.8697005,0.859873209,-0.003654709,0.020635782,1.03E-05,0.051054396,0.010840784,4.987537585,0.00452717,1
fetus.epi.ieQTL,placenta,ENSG00000244687.11,UBE2V1,chr20_49184620_C_A,rs2426143,0.598039,-931339,7.77E-06,-4.350139,0.90958905,0.946870349,-0.001370752,0.020505834,9.41E-06,0.053497333,0.011303307,5.026617666,0.00630794,1
fetus.epi.ieQTL,placenta,ENSG00000244687.11,UBE2V1,chr20_49203552_G_A,rs1318950,0.397059,-912407,8.11E-06,4.3228893,0.9060347,0.933800319,0.001714259,0.020572867,9.65E-06,-0.05308884,0.011233028,5.015336104,0.00589686,1
fetus.epi.ieQTL,placenta,ENSG00000244687.11,UBE2V1,chr20_49346695_T_C,rs1875721,0.470588,-769264,5.50E-06,4.591274,0.9424645,0.592446249,0.011439798,0.021285186,5.79E-06,-0.055831913,0.011492357,5.237285916,0.00615008,1
fetus.epi.ieQTL,placenta,ENSG00000244687.11,UBE2V1,chr20_49172764_T_C,rs2426141,0.598039,-943195,7.77E-06,-4.350139,0.90958905,0.946870349,-0.001370752,0.020505834,9.41E-06,0.053497333,0.011303307,5.026617666,0.00630794,1
fetus.epi.ieQTL,placenta,ENSG00000244687.11,UBE2V1,chr20_49286807_T_C,rs237742,0.627451,-829152,2.93E-06,-4.6464815,0.92351097,0.785033393,-0.005603764,0.02047536,4.03E-06,0.056523945,0.011417079,5.394747087,0.00748699,1
fetus.epi.ieQTL,placenta,ENSG00000244687.11,UBE2V1,chr20_49303135_G_C,rs237720,0.642157,-812824,2.07E-06,-4.681721,0.9145368,0.835720534,-0.004214495,0.020257358,2.80E-06,0.057042044,0.011311455,5.552524393,0.00878448,1
fetus.epi.ieQTL,placenta,ENSG00000244687.11,UBE2V1,chr20_49283352_T_C,rs238201,0.627451,-832607,2.93E-06,-4.6464815,0.92351097,0.785033393,-0.005603764,0.02047536,4.03E-06,0.056523945,0.011417079,5.394747087,0.00748699,1
fetus.epi.ieQTL,placenta,ENSG00000244687.11,UBE2V1,chr20_49174314_C_T,rs624945,0.598039,-941645,7.77E-06,-4.350139,0.90958905,0.946870349,-0.001370752,0.020505834,9.41E-06,0.053497333,0.011303307,5.026617666,0.00630794,1
fetus.epi.ieQTL,placenta,ENSG00000244687.11,UBE2V1,chr20_49237376_TA_T,rs10709002,0.622549,-878583,7.10E-06,-4.1795483,0.8697005,0.859873209,-0.003654709,0.020635782,1.03E-05,0.051054396,0.010840784,4.987537585,0.00452717,1
fetus.epi.ieQTL,placenta,ENSG00000244687.11,UBE2V1,chr20_49176639_A_G,rs2426142,0.598039,-939320,7.77E-06,-4.350139,0.90958905,0.946870349,-0.001370752,0.020505834,9.41E-06,0.053497333,0.011303307,5.026617666,0.00630794,1
fetus.epi.ieQTL,placenta,ENSG00000244687.11,UBE2V1,chr20_49336439_A_C,rs3091507,0.465686,-779520,5.60E-06,4.6948786,0.96467096,0.582067998,0.011789658,0.021334315,6.18E-06,-0.05721626,0.011817819,5.209130698,0.00640316,1
fetus.epi.ieQTL,placenta,ENSG00000244687.11,UBE2V1,chr20_49279676_C_T,rs238195,0.627451,-836283,2.93E-06,-4.6464815,0.92351097,0.785033393,-0.005603764,0.02047536,4.03E-06,0.056523945,0.011417079,5.394747087,0.00748699,1
fetus.epi.ieQTL,placenta,ENSG00000244687.11,UBE2V1,chr20_49218562_AAAC_A,rs150777585,0.377451,-897397,7.10E-06,4.1795483,0.8697005,0.859873209,0.003654709,0.020635782,1.03E-05,-0.051054396,0.010840784,4.987537585,0.00452717,1
fetus.epi.ieQTL,placenta,ENSG00000244687.11,UBE2V1,chr20_49320895_T_A,rs237724,0.661765,-795064,1.31E-07,-4.9940615,0.86214435,0.688395828,-0.007845504,0.019492349,2.02E-07,0.06043549,0.01062255,6.695177362,0.0896926,1
fetus.epi.ieQTL,placenta,ENSG00000244687.11,UBE2V1,chr20_49245040_T_TG,rs11481280,0.622549,-870919,7.10E-06,-4.1795483,0.8697005,0.859873209,-0.003654709,0.020635782,1.03E-05,0.051054396,0.010840784,4.987537585,0.00452717,1
fetus.epi.ieQTL,placenta,ENSG00000244687.11,UBE2V1,chr20_49300385_T_C,rs2010097,0.642157,-815574,2.07E-06,-4.681721,0.9145368,0.835720534,-0.004214495,0.020257358,2.80E-06,0.057042044,0.011311455,5.552524393,0.00878448,1
fetus.epi.ieQTL,placenta,ENSG00000244687.11,UBE2V1,chr20_49215809_C_G,rs8118325,0.377451,-900150,7.10E-06,4.1795483,0.8697005,0.859873209,0.003654709,0.020635782,1.03E-05,-0.051054396,0.010840784,4.987537585,0.00452717,1
fetus.epi.ieQTL,placenta,ENSG00000244687.11,UBE2V1,chr20_49340869_A_G,rs6125627,0.470588,-775090,5.50E-06,4.591274,0.9424645,0.592446249,0.011439798,0.021285186,5.79E-06,-0.055831913,0.011492357,5.237285916,0.00615008,1
fetus.epi.ieQTL,placenta,ENSG00000244687.11,UBE2V1,chr20_49244163_T_A,rs238205,0.622549,-871796,7.10E-06,-4.1795483,0.8697005,0.859873209,-0.003654709,0.020635782,1.03E-05,0.051054396,0.010840784,4.987537585,0.00452717,1
fetus.epi.ieQTL,placenta,ENSG00000244687.11,UBE2V1,chr20_49281680_G_A,rs238196,0.627451,-834279,2.93E-06,-4.6464815,0.92351097,0.785033393,-0.005603764,0.02047536,4.03E-06,0.056523945,0.011417079,5.394747087,0.00748699,1
fetus.epi.ieQTL,placenta,ENSG00000244687.11,UBE2V1,chr20_49209277_C_T,rs74923384,0.377451,-906682,7.10E-06,4.1795483,0.8697005,0.859873209,0.003654709,0.020635782,1.03E-05,-0.051054396,0.010840784,4.987537585,0.00452717,1
fetus.epi.ieQTL,placenta,ENSG00000244687.11,UBE2V1,chr20_49270147_G_A,rs57950,0.627451,-845812,2.93E-06,-4.6464815,0.92351097,0.785033393,-0.005603764,0.02047536,4.03E-06,0.056523945,0.011417079,5.394747087,0.00748699,1
fetus.epi.ieQTL,placenta,ENSG00000244687.11,UBE2V1,chr20_49176093_A_G,rs542863,0.598039,-939866,7.77E-06,-4.350139,0.90958905,0.946870349,-0.001370752,0.020505834,9.41E-06,0.053497333,0.011303307,5.026617666,0.00630794,1
fetus.epi.ieQTL,placenta,ENSG00000244687.11,UBE2V1,chr20_49225374_T_C,rs238159,0.622549,-890585,7.10E-06,-4.1795483,0.8697005,0.859873209,-0.003654709,0.020635782,1.03E-05,0.051054396,0.010840784,4.987537585,0.00452717,1
fetus.epi.ieQTL,placenta,ENSG00000244687.11,UBE2V1,chr20_49302125_A_G,rs2869727,0.642157,-813834,2.07E-06,-4.681721,0.9145368,0.835720534,-0.004214495,0.020257358,2.80E-06,0.057042044,0.011311455,5.552524393,0.00878448,1
fetus.epi.ieQTL,placenta,ENSG00000244687.11,UBE2V1,chr20_49272200_T_C,rs578275,0.627451,-843759,2.93E-06,-4.6464815,0.92351097,0.785033393,-0.005603764,0.02047536,4.03E-06,0.056523945,0.011417079,5.394747087,0.00748699,1
fetus.epi.ieQTL,placenta,ENSG00000244687.11,UBE2V1,chr20_49312443_A_G,rs6019745,0.642157,-803516,2.07E-06,-4.681721,0.9145368,0.835720534,-0.004214495,0.020257358,2.80E-06,0.057042044,0.011311455,5.552524393,0.00878448,1
fetus.epi.ieQTL,placenta,ENSG00000244687.11,UBE2V1,chr20_49306777_C_G,rs237713,0.642157,-809182,2.07E-06,-4.681721,0.9145368,0.835720534,-0.004214495,0.020257358,2.80E-06,0.057042044,0.011311455,5.552524393,0.00878448,1
fetus.epi.ieQTL,placenta,ENSG00000244687.11,UBE2V1,chr20_49345321_GA_G,rs3092641,0.470588,-770638,5.50E-06,4.591274,0.9424645,0.592446249,0.011439798,0.021285186,5.79E-06,-0.055831913,0.011492357,5.237285916,0.00615008,1
fetus.epi.ieQTL,placenta,ENSG00000244687.11,UBE2V1,chr20_49296489_T_G,rs237708,0.627451,-819470,2.93E-06,-4.6464815,0.92351097,0.785033393,-0.005603764,0.02047536,4.03E-06,0.056523945,0.011417079,5.394747087,0.00748699,1
fetus.epi.ieQTL,placenta,ENSG00000244687.11,UBE2V1,chr20_49330950_CCCATCCATCCATCCATCCAT_C,rs58544092,0.534314,-785009,5.60E-06,-4.6948786,0.96467096,0.582067998,-0.011789658,0.021334315,6.18E-06,0.05721626,0.011817819,5.209130698,0.00640316,1
fetus.epi.ieQTL,placenta,ENSG00000244687.11,UBE2V1,chr20_49278660_C_T,rs479474,0.627451,-837299,2.93E-06,-4.6464815,0.92351097,0.785033393,-0.005603764,0.02047536,4.03E-06,0.056523945,0.011417079,5.394747087,0.00748699,1
fetus.epi.ieQTL,placenta,ENSG00000188677.14,PARVB,chr22_44400255_G_C,rs135915,0.602941,401044,2.63E-09,1.7613285,0.2627821,0.088473435,-0.013652799,0.007916805,1.01E-09,-0.022437079,0.003242309,8.99565564,0.965096,1
fetus.epi.ieQTL,placenta,ENSG00000146282.18,RARS2,chr6_88331889_T_C,rs9362485,0.382353,741886,5.23E-08,-3.0764744,0.51187253,0.215192295,-0.019812882,0.015858976,5.10E-08,0.036953967,0.006142436,7.29251477,0.135615,1
fetus.epi.ieQTL,placenta,ENSG00000146282.18,RARS2,chr6_88331540_G_T,rs9353542,0.509804,741537,4.19E-07,-2.9020905,0.5264033,0.000376724,-0.053369906,0.014371949,9.59E-07,0.033924572,0.006388611,6.018037107,0.0300189,1
fetus.epi.ieQTL,placenta,ENSG00000146282.18,RARS2,chr6_88335394_TTAC_T,rs564962738,0.514706,745391,5.23E-07,-2.891545,0.52968943,0.000605853,-0.05109523,0.014309382,1.15E-06,0.03384027,0.006426409,5.94008306,0.0257894,1
fetus.epi.ieQTL,placenta,ENSG00000146282.18,RARS2,chr6_88339352_TAATA_T,rs138344135,0.382353,749349,5.23E-08,-3.0764744,0.51187253,0.215192295,-0.019812882,0.015858976,5.10E-08,0.036953967,0.006142436,7.29251477,0.135615,1
fetus.epi.ieQTL,placenta,ENSG00000146282.18,RARS2,chr6_88318283_T_C,rs972509,0.377451,728280,2.21E-08,-3.1627774,0.50918734,0.185937914,-0.02097515,0.015721653,2.34E-08,0.037852313,0.006106161,7.631558843,0.251551,1
fetus.epi.ieQTL,placenta,ENSG00000146282.18,RARS2,chr6_88335386_TGGCAAG_T,rs201531545,0.514706,745383,5.23E-07,-2.891545,0.52968943,0.000605853,-0.05109523,0.014309382,1.15E-06,0.03384027,0.006426409,5.94008306,0.0257894,1
fetus.epi.ieQTL,placenta,ENSG00000146282.18,RARS2,chr6_88334186_A_G,rs6927401,0.509804,744183,4.19E-07,-2.9020905,0.5264033,0.000376724,-0.053369906,0.014371949,9.59E-07,0.033924572,0.006388611,6.018037107,0.0300189,1
fetus.epi.ieQTL,placenta,ENSG00000146282.18,RARS2,chr6_88327118_A_G,rs9362483,0.509804,737115,4.19E-07,-2.9020905,0.5264033,0.000376724,-0.053369906,0.014371949,9.59E-07,0.033924572,0.006388611,6.018037107,0.0300189,1
fetus.epi.ieQTL,placenta,ENSG00000146282.18,RARS2,chr6_88317874_A_G,rs6932835,0.377451,727871,4.75E-08,-3.0655575,0.508135,0.231043594,-0.01905719,0.015790757,4.81E-08,0.03680739,0.006104365,7.317450623,0.131842,1
fetus.epi.ieQTL,placenta,ENSG00000146282.18,RARS2,chr6_88318965_G_GA,rs34287671,0.382353,728962,5.23E-08,-3.0764744,0.51187253,0.215192295,-0.019812882,0.015858976,5.10E-08,0.036953967,0.006142436,7.29251477,0.135615,1
fetus.epi.ieQTL,placenta,ENSG00000146282.18,RARS2,chr6_88335341_C_A,rs6934116,0.514706,745338,5.23E-07,-2.891545,0.52968943,0.000605853,-0.05109523,0.014309382,1.15E-06,0.03384027,0.006426409,5.94008306,0.0257894,1
fetus.epi.ieQTL,placenta,ENSG00000146282.18,RARS2,chr6_88318517_T_A,rs9344776,0.509804,728514,4.19E-07,-2.9020905,0.5264033,0.000376724,-0.053369906,0.014371949,9.59E-07,0.033924572,0.006388611,6.018037107,0.0300189,1
fetus.epi.ieQTL,placenta,ENSG00000002822.15,MAD1L1,chr7_3179267_T_C,rs34331963,0.0833333,946024,2.92E-09,5.6088223,0.8398324,0.719145327,0.005510146,0.015268919,1.51E-09,-0.07284723,0.010667989,8.820489129,0.0390122,1
fetus.epi.ieQTL,placenta,ENSG00000002822.15,MAD1L1,chr7_3184895_A_C,rs12700669,0.0784314,951652,8.45E-10,5.8091493,0.8345842,0.555481875,0.008918318,0.01506327,4.18E-10,-0.07491942,0.010523678,9.378312099,0.0632556,1
fetus.epi.ieQTL,placenta,ENSG00000002822.15,MAD1L1,chr7_3186497_G_A,rs12700671,0.0735294,953254,2.79E-09,5.7409587,0.8582708,0.659617365,0.006800702,0.015383094,2.61E-09,-0.0731993,0.010918458,8.583218321,0.0353091,1
fetus.epi.ieQTL,placenta,ENSG00000002822.15,MAD1L1,chr7_3197293_G_T,rs10278450,0.0735294,964050,2.79E-09,5.7409587,0.8582708,0.659617365,0.006800702,0.015383094,2.61E-09,-0.0731993,0.010918458,8.583218321,0.0353091,1
fetus.epi.ieQTL,placenta,ENSG00000002822.15,MAD1L1,chr7_3201509_C_A,rs13233354,0.0784314,968266,1.92E-09,5.743092,0.8477472,0.658244703,0.00679554,0.015305435,2.10E-09,-0.07313766,0.010829004,8.677866927,0.0341148,1
fetus.epi.ieQTL,placenta,ENSG00000002822.15,MAD1L1,chr7_3189483_C_T,rs12700678,0.0735294,956240,2.79E-09,5.7409587,0.8582708,0.659617365,0.006800702,0.015383094,2.61E-09,-0.0731993,0.010918458,8.583218321,0.0353091,1
fetus.epi.ieQTL,placenta,ENSG00000002822.15,MAD1L1,chr7_3190088_C_T,rs34670275,0.0735294,956845,2.79E-09,5.7409587,0.8582708,0.659617365,0.006800702,0.015383094,2.61E-09,-0.0731993,0.010918458,8.583218321,0.0353091,1
fetus.epi.ieQTL,placenta,ENSG00000002822.15,MAD1L1,chr7_3186802_C_T,rs12700672,0.0735294,953559,2.79E-09,5.7409587,0.8582708,0.659617365,0.006800702,0.015383094,2.61E-09,-0.0731993,0.010918458,8.583218321,0.0353091,1
fetus.epi.ieQTL,placenta,ENSG00000002822.15,MAD1L1,chr7_3204231_C_T,rs12700694,0.0784314,970988,1.92E-09,5.743092,0.8477472,0.658244703,0.00679554,0.015305435,2.10E-09,-0.07313766,0.010829004,8.677866927,0.0341148,1
fetus.epi.ieQTL,placenta,ENSG00000002822.15,MAD1L1,chr7_3193295_C_T,rs12700684,0.0735294,960052,2.79E-09,5.7409587,0.8582708,0.659617365,0.006800702,0.015383094,2.61E-09,-0.0731993,0.010918458,8.583218321,0.0353091,1
fetus.epi.ieQTL,placenta,ENSG00000002822.15,MAD1L1,chr7_3204612_A_G,rs12700697,0.0784314,971369,1.92E-09,5.743092,0.8477472,0.658244703,0.00679554,0.015305435,2.10E-09,-0.07313766,0.010829004,8.677866927,0.0341148,1
fetus.epi.ieQTL,placenta,ENSG00000002822.15,MAD1L1,chr7_3181074_CAG_C,rs34236796,0.0833333,947831,2.92E-09,5.6088223,0.8398324,0.719145327,0.005510146,0.015268919,1.51E-09,-0.07284723,0.010667989,8.820489129,0.0390122,1
fetus.epi.ieQTL,placenta,ENSG00000002822.15,MAD1L1,chr7_3182888_T_C,rs13221018,0.0833333,949645,2.92E-09,5.6088223,0.8398324,0.719145327,0.005510146,0.015268919,1.51E-09,-0.07284723,0.010667989,8.820489129,0.0390122,1
fetus.epi.ieQTL,placenta,ENSG00000002822.15,MAD1L1,chr7_3204280_C_T,rs12700695,0.0784314,971037,1.92E-09,5.743092,0.8477472,0.658244703,0.00679554,0.015305435,2.10E-09,-0.07313766,0.010829004,8.677866927,0.0341148,1
fetus.epi.ieQTL,placenta,ENSG00000002822.15,MAD1L1,chr7_3205214_C_T,rs13228014,0.0784314,971971,1.92E-09,5.743092,0.8477472,0.658244703,0.00679554,0.015305435,2.10E-09,-0.07313766,0.010829004,8.677866927,0.0341148,1
fetus.epi.ieQTL,placenta,ENSG00000002822.15,MAD1L1,chr7_3179841_C_G,rs75535758,0.0833333,946598,2.92E-09,5.6088223,0.8398324,0.719145327,0.005510146,0.015268919,1.51E-09,-0.07284723,0.010667989,8.820489129,0.0390122,1
fetus.epi.ieQTL,placenta,ENSG00000002822.15,MAD1L1,chr7_3186803_G_T,rs12700673,0.0735294,953560,2.79E-09,5.7409587,0.8582708,0.659617365,0.006800702,0.015383094,2.61E-09,-0.0731993,0.010918458,8.583218321,0.0353091,1
fetus.epi.ieQTL,placenta,ENSG00000002822.15,MAD1L1,chr7_3188319_C_T,rs12700675,0.0735294,955076,2.79E-09,5.7409587,0.8582708,0.659617365,0.006800702,0.015383094,2.61E-09,-0.0731993,0.010918458,8.583218321,0.0353091,1
fetus.epi.ieQTL,placenta,ENSG00000002822.15,MAD1L1,chr7_3186050_C_G,rs13307618,0.0784314,952807,8.45E-10,5.8091493,0.8345842,0.555481875,0.008918318,0.01506327,4.18E-10,-0.07491942,0.010523678,9.378312099,0.0632556,1
fetus.epi.ieQTL,placenta,ENSG00000002822.15,MAD1L1,chr7_3186229_A_G,rs13236935,0.0784314,952986,8.45E-10,5.8091493,0.8345842,0.555481875,0.008918318,0.01506327,4.18E-10,-0.07491942,0.010523678,9.378312099,0.0632556,1
fetus.epi.ieQTL,placenta,ENSG00000002822.15,MAD1L1,chr7_3185284_C_T,rs12700670,0.0784314,952041,8.45E-10,5.8091493,0.8345842,0.555481875,0.008918318,0.01506327,4.18E-10,-0.07491942,0.010523678,9.378312099,0.0632556,1
fetus.epi.ieQTL,placenta,ENSG00000002822.15,MAD1L1,chr7_3188639_A_T,rs12700677,0.0735294,955396,2.79E-09,5.7409587,0.8582708,0.659617365,0.006800702,0.015383094,2.61E-09,-0.0731993,0.010918458,8.583218321,0.0353091,1
fetus.epi.ieQTL,placenta,ENSG00000002822.15,MAD1L1,chr7_3203545_G_A,rs34679036,0.0784314,970302,1.92E-09,5.743092,0.8477472,0.658244703,0.00679554,0.015305435,2.10E-09,-0.07313766,0.010829004,8.677866927,0.0341148,1
fetus.epi.ieQTL,placenta,ENSG00000002822.15,MAD1L1,chr7_3188498_G_A,rs12700676,0.0735294,955255,2.79E-09,5.7409587,0.8582708,0.659617365,0.006800702,0.015383094,2.61E-09,-0.0731993,0.010918458,8.583218321,0.0353091,1
fetus.epi.ieQTL,placenta,ENSG00000002822.15,MAD1L1,chr7_3182376_C_G,rs113394049,0.0833333,949133,2.92E-09,5.6088223,0.8398324,0.719145327,0.005510146,0.015268919,1.51E-09,-0.07284723,0.010667989,8.820489129,0.0390122,1
fetus.epi.ieQTL,placenta,ENSG00000002822.15,MAD1L1,chr7_3179530_G_A,rs17133109,0.0833333,946287,2.92E-09,5.6088223,0.8398324,0.719145327,0.005510146,0.015268919,1.51E-09,-0.07284723,0.010667989,8.820489129,0.0390122,1
